url,erreur
https://www.meilleursagents.com/prix-immobilier/basse-goulaine-44115/,list index out of range
https://www.meilleursagents.com/prix-immobilier/bouguenais-44340/,list index out of range
https://www.meilleursagents.com/prix-immobilier/les-couets-44340/,list index out of range
https://www.meilleursagents.com/prix-immobilier/la-chapelle-sur-erdre-44240/,list index out of range
https://www.meilleursagents.com/prix-immobilier/donges-44480/,list index out of range
https://www.meilleursagents.com/prix-immobilier/fay-de-bretagne-44130/,list index out of range
https://www.meilleursagents.com/prix-immobilier/grandchamp-des-fontaines-44119/,list index out of range
https://www.meilleursagents.com/prix-immobilier/heric-44810/,list index out of range
https://www.meilleursagents.com/prix-immobilier/basse-indre-44610/,list index out of range
https://www.meilleursagents.com/prix-immobilier/marsac-sur-don-44170/,'NoneType' object has no attribute 'get_text'
https://www.meilleursagents.com/prix-immobilier/la-montagne-44620/,list index out of range
https://www.meilleursagents.com/prix-immobilier/nantes-44100/,list index out of range
https://www.meilleursagents.com/prix-immobilier/nantes-44200/,list index out of range
https://www.meilleursagents.com/prix-immobilier/nantes-44300/,list index out of range
https://www.meilleursagents.com/prix-immobilier/nort-sur-erdre-44390/,list index out of range
https://www.meilleursagents.com/prix-immobilier/orvault-44700/,list index out of range
https://www.meilleursagents.com/prix-immobilier/pont-Saint-martin-44860/,list index out of range
https://www.meilleursagents.com/prix-immobilier/pornic-44210/,list index out of range
https://www.meilleursagents.com/prix-immobilier/port-Saint-pere-44710/,list index out of range
https://www.meilleursagents.com/prix-immobilier/le-pouliguen-44510/,list index out of range
https://www.meilleursagents.com/prix-immobilier/pont-rousseau-44400/,list index out of range
https://www.meilleursagents.com/prix-immobilier/pont-james-44310/,list index out of range
https://www.meilleursagents.com/prix-immobilier/saint-herblain-44800/,list index out of range
https://www.meilleursagents.com/prix-immobilier/freigne-44540/,list index out of range
https://www.meilleursagents.com/prix-immobilier/saint-michel-chef-chef-44730/,list index out of range
https://www.meilleursagents.com/prix-immobilier/saint-marc-sur-mer-44600/,list index out of range
https://www.meilleursagents.com/prix-immobilier/saint-sebastien-sur-loire-44230/,list index out of range
https://www.meilleursagents.com/prix-immobilier/sautron-44880/,list index out of range
https://www.meilleursagents.com/prix-immobilier/treillieres-44119/,list index out of range
https://www.meilleursagents.com/prix-immobilier/vallet-44330/,list index out of range
https://www.meilleursagents.com/prix-immobilier/la-chapelle-Saint-sauveur-44370/,list index out of range
https://www.meilleursagents.com/prix-immobilier/vertou-44120/,list index out of range
https://www.meilleursagents.com/prix-immobilier/angers-49100/,list index out of range
https://www.meilleursagents.com/prix-immobilier/gohier-49320/,list index out of range
https://www.meilleursagents.com/prix-immobilier/charce-Saint-ellier-sur-aubance-49320/,list index out of range
https://www.meilleursagents.com/prix-immobilier/chalonnes-sur-loire-49290/,list index out of range
https://www.meilleursagents.com/prix-immobilier/la-chapelle-Saint-laud-49140/,list index out of range
https://www.meilleursagents.com/prix-immobilier/chemille-melay-49120/,list index out of range
https://www.meilleursagents.com/prix-immobilier/joue-etiau-49670/,list index out of range
https://www.meilleursagents.com/prix-immobilier/le-puy-Saint-bonnet-49300/,list index out of range
https://www.meilleursagents.com/prix-immobilier/montreuil-juigne-49460/,list index out of range
https://www.meilleursagents.com/prix-immobilier/juigne-bene-49460/,list index out of range
https://www.meilleursagents.com/prix-immobilier/la-chapelle-Saint-florent-49410/,list index out of range
https://www.meilleursagents.com/prix-immobilier/chenehutte-les-tuffeaux-49350/,list index out of range
https://www.meilleursagents.com/prix-immobilier/saint-barthelemy-d-anjou-49124/,list index out of range
https://www.meilleursagents.com/prix-immobilier/saint-hilaire-Saint-florent-49400/,list index out of range
https://www.meilleursagents.com/prix-immobilier/trelaze-49800/,list index out of range
https://www.meilleursagents.com/prix-immobilier/le-voide-49310/,list index out of range
https://www.meilleursagents.com/prix-immobilier/le-genest-Saint-isle-53940/,list index out of range
https://www.meilleursagents.com/prix-immobilier/l-huisserie-53970/,list index out of range
https://www.meilleursagents.com/prix-immobilier/laval-53000/,list index out of range
https://www.meilleursagents.com/prix-immobilier/quelaines-Saint-gault-53360/,list index out of range
https://www.meilleursagents.com/prix-immobilier/ravigny-53370/,list index out of range
https://www.meilleursagents.com/prix-immobilier/la-chapelle-Saint-aubin-72650/,list index out of range
https://www.meilleursagents.com/prix-immobilier/la-chapelle-Saint-fray-72240/,list index out of range
https://www.meilleursagents.com/prix-immobilier/la-chapelle-Saint-remy-72160/,list index out of range
https://www.meilleursagents.com/prix-immobilier/la-fontaine-Saint-martin-72330/,list index out of range
https://www.meilleursagents.com/prix-immobilier/longnes-72540/,list index out of range
https://www.meilleursagents.com/prix-immobilier/louailles-72300/,list index out of range
https://www.meilleursagents.com/prix-immobilier/loue-72540/,list index out of range
https://www.meilleursagents.com/prix-immobilier/louplande-72210/,list index out of range
https://www.meilleursagents.com/prix-immobilier/louvigny-72600/,list index out of range
https://www.meilleursagents.com/prix-immobilier/louzes-72600/,list index out of range
https://www.meilleursagents.com/prix-immobilier/le-luart-72390/,list index out of range
https://www.meilleursagents.com/prix-immobilier/luceau-72500/,list index out of range
https://www.meilleursagents.com/prix-immobilier/luce-sous-ballon-72290/,list index out of range
https://www.meilleursagents.com/prix-immobilier/luche-pringe-72800/,list index out of range
https://www.meilleursagents.com/prix-immobilier/le-lude-72800/,list index out of range
https://www.meilleursagents.com/prix-immobilier/disse-sous-le-lude-72800/,list index out of range
https://www.meilleursagents.com/prix-immobilier/maigne-72210/,list index out of range
https://www.meilleursagents.com/prix-immobilier/maisoncelles-72440/,list index out of range
https://www.meilleursagents.com/prix-immobilier/malicorne-sur-sarthe-72270/,list index out of range
https://www.meilleursagents.com/prix-immobilier/mamers-72600/,list index out of range
https://www.meilleursagents.com/prix-immobilier/le-mans-72000/,list index out of range
https://www.meilleursagents.com/prix-immobilier/le-mans-72100/,list index out of range
https://www.meilleursagents.com/prix-immobilier/mansigne-72510/,list index out of range
https://www.meilleursagents.com/prix-immobilier/marcon-72340/,list index out of range
https://www.meilleursagents.com/prix-immobilier/mareil-en-champagne-72540/,list index out of range
https://www.meilleursagents.com/prix-immobilier/mareil-sur-loir-72200/,list index out of range
https://www.meilleursagents.com/prix-immobilier/maresche-72170/,list index out of range
https://www.meilleursagents.com/prix-immobilier/marigne-laille-72220/,list index out of range
https://www.meilleursagents.com/prix-immobilier/marollette-72600/,list index out of range
https://www.meilleursagents.com/prix-immobilier/marolles-les-braults-72260/,list index out of range
https://www.meilleursagents.com/prix-immobilier/disse-sous-ballon-72260/,list index out of range
https://www.meilleursagents.com/prix-immobilier/marolles-les-Saint-calais-72120/,list index out of range
https://www.meilleursagents.com/prix-immobilier/mayet-72360/,list index out of range
https://www.meilleursagents.com/prix-immobilier/les-mees-72260/,list index out of range
https://www.meilleursagents.com/prix-immobilier/melleray-72320/,list index out of range
https://www.meilleursagents.com/prix-immobilier/meurce-72170/,list index out of range
https://www.meilleursagents.com/prix-immobilier/mezeray-72270/,list index out of range
https://www.meilleursagents.com/prix-immobilier/mezieres-sur-ponthouin-72290/,list index out of range
https://www.meilleursagents.com/prix-immobilier/mezieres-sous-lavardin-72240/,list index out of range
https://www.meilleursagents.com/prix-immobilier/la-milesse-72650/,list index out of range
https://www.meilleursagents.com/prix-immobilier/moitron-sur-sarthe-72170/,list index out of range
https://www.meilleursagents.com/prix-immobilier/le-gue-lian-72170/,list index out of range
https://www.meilleursagents.com/prix-immobilier/monce-en-belin-72230/,list index out of range
https://www.meilleursagents.com/prix-immobilier/monce-en-saosnois-72260/,list index out of range
https://www.meilleursagents.com/prix-immobilier/monhoudou-72260/,list index out of range
https://www.meilleursagents.com/prix-immobilier/montaille-72120/,list index out of range
https://www.meilleursagents.com/prix-immobilier/montbizot-72380/,list index out of range
https://www.meilleursagents.com/prix-immobilier/montmirail-72320/,list index out of range
https://www.meilleursagents.com/prix-immobilier/montreuil-le-chetif-72130/,list index out of range
https://www.meilleursagents.com/prix-immobilier/montreuil-le-henri-72150/,list index out of range
https://www.meilleursagents.com/prix-immobilier/mont-Saint-jean-72140/,list index out of range
https://www.meilleursagents.com/prix-immobilier/moulins-le-carbonnel-72130/,list index out of range
https://www.meilleursagents.com/prix-immobilier/mulsanne-72230/,list index out of range
https://www.meilleursagents.com/prix-immobilier/nauvay-72260/,list index out of range
https://www.meilleursagents.com/prix-immobilier/neufchatel-en-saosnois-72600/,list index out of range
https://www.meilleursagents.com/prix-immobilier/neuvillalais-72240/,list index out of range
https://www.meilleursagents.com/prix-immobilier/neuville-sur-sarthe-72190/,list index out of range
https://www.meilleursagents.com/prix-immobilier/neuvillette-en-charnie-72140/,list index out of range
https://www.meilleursagents.com/prix-immobilier/bernay-en-champagne-72240/,list index out of range
https://www.meilleursagents.com/prix-immobilier/neuvy-en-champagne-72240/,list index out of range
https://www.meilleursagents.com/prix-immobilier/nogent-le-bernard-72110/,list index out of range
https://www.meilleursagents.com/prix-immobilier/nogent-sur-loir-72500/,list index out of range
https://www.meilleursagents.com/prix-immobilier/nouans-72260/,list index out of range
https://www.meilleursagents.com/prix-immobilier/noyen-sur-sarthe-72430/,list index out of range
https://www.meilleursagents.com/prix-immobilier/nuille-le-jalais-72370/,list index out of range
https://www.meilleursagents.com/prix-immobilier/oisseau-le-petit-72610/,list index out of range
https://www.meilleursagents.com/prix-immobilier/oize-72330/,list index out of range
https://www.meilleursagents.com/prix-immobilier/panon-72600/,list index out of range
https://www.meilleursagents.com/prix-immobilier/parce-sur-sarthe-72300/,list index out of range
https://www.meilleursagents.com/prix-immobilier/parennes-72140/,list index out of range
https://www.meilleursagents.com/prix-immobilier/parigne-le-polin-72330/,list index out of range
https://www.meilleursagents.com/prix-immobilier/parigne-l-eveque-72250/,list index out of range
https://www.meilleursagents.com/prix-immobilier/notre-dame-du-pe-72300/,list index out of range
https://www.meilleursagents.com/prix-immobilier/peray-72260/,list index out of range
https://www.meilleursagents.com/prix-immobilier/peze-le-robert-72140/,list index out of range
https://www.meilleursagents.com/prix-immobilier/piace-72170/,list index out of range
https://www.meilleursagents.com/prix-immobilier/pince-72300/,list index out of range
https://www.meilleursagents.com/prix-immobilier/pirmil-72430/,list index out of range
https://www.meilleursagents.com/prix-immobilier/pizieux-72600/,list index out of range
https://www.meilleursagents.com/prix-immobilier/poille-sur-vegre-72350/,list index out of range
https://www.meilleursagents.com/prix-immobilier/montfort-le-gesnois-72450/,list index out of range
https://www.meilleursagents.com/prix-immobilier/pontvallain-72510/,list index out of range
https://www.meilleursagents.com/prix-immobilier/precigne-72300/,list index out of range
https://www.meilleursagents.com/prix-immobilier/preval-72400/,list index out of range
https://www.meilleursagents.com/prix-immobilier/prevelles-72110/,list index out of range
https://www.meilleursagents.com/prix-immobilier/pruille-le-chetif-72700/,list index out of range
https://www.meilleursagents.com/prix-immobilier/pruille-l-eguille-72150/,list index out of range
https://www.meilleursagents.com/prix-immobilier/la-quinte-72550/,list index out of range
https://www.meilleursagents.com/prix-immobilier/rahay-72120/,list index out of range
https://www.meilleursagents.com/prix-immobilier/rene-72260/,list index out of range
https://www.meilleursagents.com/prix-immobilier/requeil-72510/,list index out of range
https://www.meilleursagents.com/prix-immobilier/roeze-sur-sarthe-72210/,list index out of range
https://www.meilleursagents.com/prix-immobilier/rouesse-fontaine-72610/,list index out of range
https://www.meilleursagents.com/prix-immobilier/rouesse-vasse-72140/,list index out of range
https://www.meilleursagents.com/prix-immobilier/rouez-72140/,list index out of range
https://www.meilleursagents.com/prix-immobilier/rouillon-72700/,list index out of range
https://www.meilleursagents.com/prix-immobilier/rouperroux-le-coquet-72110/,list index out of range
https://www.meilleursagents.com/prix-immobilier/ruaudin-72230/,list index out of range
https://www.meilleursagents.com/prix-immobilier/ruille-en-champagne-72240/,list index out of range
https://www.meilleursagents.com/prix-immobilier/la-chapelle-gaugain-72310/,list index out of range
https://www.meilleursagents.com/prix-immobilier/lavenay-72310/,list index out of range
https://www.meilleursagents.com/prix-immobilier/ponce-sur-le-loir-72340/,list index out of range
https://www.meilleursagents.com/prix-immobilier/pont-de-braye-72340/,list index out of range
https://www.meilleursagents.com/prix-immobilier/ruille-sur-loir-72340/,list index out of range
https://www.meilleursagents.com/prix-immobilier/sable-sur-sarthe-72300/,list index out of range
https://www.meilleursagents.com/prix-immobilier/saint-aignan-72110/,list index out of range
https://www.meilleursagents.com/prix-immobilier/saint-aubin-de-locquenay-72130/,list index out of range
https://www.meilleursagents.com/prix-immobilier/saint-aubin-des-coudrais-72400/,list index out of range
https://www.meilleursagents.com/prix-immobilier/saint-biez-en-belin-72220/,list index out of range
https://www.meilleursagents.com/prix-immobilier/saint-calais-72120/,list index out of range
https://www.meilleursagents.com/prix-immobilier/saint-calez-en-saosnois-72600/,list index out of range
https://www.meilleursagents.com/prix-immobilier/saint-celerin-72110/,list index out of range
https://www.meilleursagents.com/prix-immobilier/sainte-cerotte-72120/,list index out of range
https://www.meilleursagents.com/prix-immobilier/saint-christophe-du-jambet-72170/,list index out of range
https://www.meilleursagents.com/prix-immobilier/saint-christophe-en-champagne-72540/,list index out of range
https://www.meilleursagents.com/prix-immobilier/saint-corneille-72460/,list index out of range
https://www.meilleursagents.com/prix-immobilier/saint-cosme-en-vairais-72110/,list index out of range
https://www.meilleursagents.com/prix-immobilier/saint-denis-des-coudrais-72110/,list index out of range
https://www.meilleursagents.com/prix-immobilier/saint-denis-d-orques-72350/,list index out of range
https://www.meilleursagents.com/prix-immobilier/saint-georges-de-la-couee-72150/,list index out of range
https://www.meilleursagents.com/prix-immobilier/saint-georges-du-bois-72700/,list index out of range
https://www.meilleursagents.com/prix-immobilier/saint-georges-du-rosay-72110/,list index out of range
https://www.meilleursagents.com/prix-immobilier/saint-georges-le-gaultier-72130/,list index out of range
https://www.meilleursagents.com/prix-immobilier/saint-germain-d-arce-72800/,list index out of range
https://www.meilleursagents.com/prix-immobilier/saint-gervais-de-vic-72120/,list index out of range
https://www.meilleursagents.com/prix-immobilier/sainte-jamme-sur-sarthe-72380/,list index out of range
https://www.meilleursagents.com/prix-immobilier/antoigne-72380/,list index out of range
https://www.meilleursagents.com/prix-immobilier/saint-jean-d-asse-72380/,list index out of range
https://www.meilleursagents.com/prix-immobilier/saint-jean-de-la-motte-72510/,list index out of range
https://www.meilleursagents.com/prix-immobilier/saint-jean-des-echelles-72320/,list index out of range
https://www.meilleursagents.com/prix-immobilier/saint-jean-du-bois-72430/,list index out of range
https://www.meilleursagents.com/prix-immobilier/saint-leonard-des-bois-72130/,list index out of range
https://www.meilleursagents.com/prix-immobilier/saint-longis-72600/,list index out of range
https://www.meilleursagents.com/prix-immobilier/saint-maixent-72320/,list index out of range
https://www.meilleursagents.com/prix-immobilier/saint-marceau-72170/,list index out of range
https://www.meilleursagents.com/prix-immobilier/saint-mars-d-outille-72220/,list index out of range
https://www.meilleursagents.com/prix-immobilier/saint-mars-la-briere-72470/,list index out of range
https://www.meilleursagents.com/prix-immobilier/saint-martin-des-monts-72400/,list index out of range
https://www.meilleursagents.com/prix-immobilier/saint-michel-de-chavaignes-72440/,list index out of range
https://www.meilleursagents.com/prix-immobilier/saint-ouen-de-mimbre-72130/,list index out of range
https://www.meilleursagents.com/prix-immobilier/saint-ouen-en-belin-72220/,list index out of range
https://www.meilleursagents.com/prix-immobilier/saint-ouen-en-champagne-72350/,list index out of range
https://www.meilleursagents.com/prix-immobilier/le-chevain-72610/,list index out of range
https://www.meilleursagents.com/prix-immobilier/saint-paterne-72610/,list index out of range
https://www.meilleursagents.com/prix-immobilier/saint-paul-le-gaultier-72130/,list index out of range
https://www.meilleursagents.com/prix-immobilier/saint-pavace-72190/,list index out of range
https://www.meilleursagents.com/prix-immobilier/saint-pierre-de-cheville-72500/,list index out of range
https://www.meilleursagents.com/prix-immobilier/saint-pierre-des-bois-72430/,list index out of range
https://www.meilleursagents.com/prix-immobilier/saint-pierre-des-ormes-72600/,list index out of range
https://www.meilleursagents.com/prix-immobilier/saint-pierre-du-lorouer-72150/,list index out of range
https://www.meilleursagents.com/prix-immobilier/saint-remy-de-sille-72140/,list index out of range
https://www.meilleursagents.com/prix-immobilier/saint-remy-des-monts-72600/,list index out of range
https://www.meilleursagents.com/prix-immobilier/saint-remy-du-val-72600/,list index out of range
https://www.meilleursagents.com/prix-immobilier/sainte-sabine-sur-longeve-72380/,list index out of range
https://www.meilleursagents.com/prix-immobilier/saint-saturnin-72650/,list index out of range
https://www.meilleursagents.com/prix-immobilier/saint-symphorien-72240/,list index out of range
https://www.meilleursagents.com/prix-immobilier/saint-ulphace-72320/,list index out of range
https://www.meilleursagents.com/prix-immobilier/saint-victeur-72130/,list index out of range
https://www.meilleursagents.com/prix-immobilier/saint-vincent-des-pres-72600/,list index out of range
https://www.meilleursagents.com/prix-immobilier/saint-vincent-du-lorouer-72150/,list index out of range
https://www.meilleursagents.com/prix-immobilier/saosnes-72600/,list index out of range
https://www.meilleursagents.com/prix-immobilier/sarce-72360/,list index out of range
https://www.meilleursagents.com/prix-immobilier/sarge-les-le-mans-72190/,list index out of range
https://www.meilleursagents.com/prix-immobilier/savigne-l-eveque-72460/,list index out of range
https://www.meilleursagents.com/prix-immobilier/savigne-sous-le-lude-72800/,list index out of range
https://www.meilleursagents.com/prix-immobilier/sceaux-sur-huisne-72160/,list index out of range
https://www.meilleursagents.com/prix-immobilier/segrie-72170/,list index out of range
https://www.meilleursagents.com/prix-immobilier/semur-en-vallon-72390/,list index out of range
https://www.meilleursagents.com/prix-immobilier/sille-le-guillaume-72140/,list index out of range
https://www.meilleursagents.com/prix-immobilier/sille-le-philippe-72460/,list index out of range
https://www.meilleursagents.com/prix-immobilier/solesmes-72300/,list index out of range
https://www.meilleursagents.com/prix-immobilier/souge-le-ganelon-72130/,list index out of range
https://www.meilleursagents.com/prix-immobilier/souille-72380/,list index out of range
https://www.meilleursagents.com/prix-immobilier/souligne-flace-72210/,list index out of range
https://www.meilleursagents.com/prix-immobilier/souligne-sous-ballon-72290/,list index out of range
https://www.meilleursagents.com/prix-immobilier/soulitre-72370/,list index out of range
https://www.meilleursagents.com/prix-immobilier/souvigne-sur-meme-72400/,list index out of range
https://www.meilleursagents.com/prix-immobilier/souvigne-sur-sarthe-72300/,list index out of range
https://www.meilleursagents.com/prix-immobilier/spay-72700/,list index out of range
https://www.meilleursagents.com/prix-immobilier/surfonds-72370/,list index out of range
https://www.meilleursagents.com/prix-immobilier/la-suze-sur-sarthe-72210/,list index out of range
https://www.meilleursagents.com/prix-immobilier/tasse-72430/,list index out of range
https://www.meilleursagents.com/prix-immobilier/tassille-72540/,list index out of range
https://www.meilleursagents.com/prix-immobilier/teille-72290/,list index out of range
https://www.meilleursagents.com/prix-immobilier/teloche-72220/,list index out of range
https://www.meilleursagents.com/prix-immobilier/tennie-72240/,list index out of range
https://www.meilleursagents.com/prix-immobilier/terrehault-72110/,list index out of range
https://www.meilleursagents.com/prix-immobilier/theligny-72320/,list index out of range
https://www.meilleursagents.com/prix-immobilier/thoigne-72260/,list index out of range
https://www.meilleursagents.com/prix-immobilier/thoire-sous-contensor-72610/,list index out of range
https://www.meilleursagents.com/prix-immobilier/thoire-sur-dinan-72500/,list index out of range
https://www.meilleursagents.com/prix-immobilier/thoree-les-pins-72800/,list index out of range
https://www.meilleursagents.com/prix-immobilier/thorigne-sur-due-72160/,list index out of range
https://www.meilleursagents.com/prix-immobilier/torce-en-vallee-72110/,list index out of range
https://www.meilleursagents.com/prix-immobilier/trange-72650/,list index out of range
https://www.meilleursagents.com/prix-immobilier/tresson-72440/,list index out of range
https://www.meilleursagents.com/prix-immobilier/le-tronchet-72170/,list index out of range
https://www.meilleursagents.com/prix-immobilier/saint-hilaire-le-lierru-72160/,list index out of range
https://www.meilleursagents.com/prix-immobilier/tuffe-72160/,list index out of range
https://www.meilleursagents.com/prix-immobilier/vaas-72500/,list index out of range
https://www.meilleursagents.com/prix-immobilier/valennes-72320/,list index out of range
https://www.meilleursagents.com/prix-immobilier/vallon-sur-gee-72540/,list index out of range
https://www.meilleursagents.com/prix-immobilier/vance-72310/,list index out of range
https://www.meilleursagents.com/prix-immobilier/verneil-le-chetif-72360/,list index out of range
https://www.meilleursagents.com/prix-immobilier/vernie-72170/,list index out of range
https://www.meilleursagents.com/prix-immobilier/vezot-72600/,list index out of range
https://www.meilleursagents.com/prix-immobilier/vibraye-72320/,list index out of range
https://www.meilleursagents.com/prix-immobilier/villaines-la-carelle-72600/,list index out of range
https://www.meilleursagents.com/prix-immobilier/villaines-la-gonais-72400/,list index out of range
https://www.meilleursagents.com/prix-immobilier/villaines-sous-luce-72150/,list index out of range
https://www.meilleursagents.com/prix-immobilier/villaines-sous-malicorne-72270/,list index out of range
https://www.meilleursagents.com/prix-immobilier/vion-72300/,list index out of range
https://www.meilleursagents.com/prix-immobilier/vire-en-champagne-72350/,list index out of range
https://www.meilleursagents.com/prix-immobilier/vivoin-72170/,list index out of range
https://www.meilleursagents.com/prix-immobilier/voivres-les-le-mans-72210/,list index out of range
https://www.meilleursagents.com/prix-immobilier/saint-mars-de-locquenay-72440/,list index out of range
https://www.meilleursagents.com/prix-immobilier/volnay-72440/,list index out of range
https://www.meilleursagents.com/prix-immobilier/vouvray-sur-huisne-72160/,list index out of range
https://www.meilleursagents.com/prix-immobilier/yvre-le-polin-72330/,list index out of range
https://www.meilleursagents.com/prix-immobilier/yvre-l-eveque-72530/,list index out of range
https://www.meilleursagents.com/prix-immobilier/la-faute-sur-mer-85460/,list index out of range
https://www.meilleursagents.com/prix-immobilier/l-aiguillon-sur-mer-85460/,list index out of range
https://www.meilleursagents.com/prix-immobilier/l-aiguillon-sur-vie-85220/,list index out of range
https://www.meilleursagents.com/prix-immobilier/aizenay-85190/,list index out of range
https://www.meilleursagents.com/prix-immobilier/angles-85750/,list index out of range
https://www.meilleursagents.com/prix-immobilier/antigny-85120/,list index out of range
https://www.meilleursagents.com/prix-immobilier/apremont-85220/,list index out of range
https://www.meilleursagents.com/prix-immobilier/aubigny-85430/,list index out of range
https://www.meilleursagents.com/prix-immobilier/les-clouzeaux-85430/,list index out of range
https://www.meilleursagents.com/prix-immobilier/auzay-85200/,list index out of range
https://www.meilleursagents.com/prix-immobilier/chaix-85200/,list index out of range
https://www.meilleursagents.com/prix-immobilier/avrille-85440/,list index out of range
https://www.meilleursagents.com/prix-immobilier/barbatre-85630/,list index out of range
https://www.meilleursagents.com/prix-immobilier/la-barre-de-monts-85550/,list index out of range
https://www.meilleursagents.com/prix-immobilier/fromentine-85550/,list index out of range
https://www.meilleursagents.com/prix-immobilier/bazoges-en-paillers-85130/,list index out of range
https://www.meilleursagents.com/prix-immobilier/bazoges-en-pareds-85390/,list index out of range
https://www.meilleursagents.com/prix-immobilier/beaufou-85170/,list index out of range
https://www.meilleursagents.com/prix-immobilier/beaulieu-sous-la-roche-85190/,list index out of range
https://www.meilleursagents.com/prix-immobilier/beaurepaire-85500/,list index out of range
https://www.meilleursagents.com/prix-immobilier/beauvoir-sur-mer-85230/,list index out of range
https://www.meilleursagents.com/prix-immobilier/belleville-sur-vie-85170/,list index out of range
https://www.meilleursagents.com/prix-immobilier/saligny-85170/,list index out of range
https://www.meilleursagents.com/prix-immobilier/benet-85490/,list index out of range
https://www.meilleursagents.com/prix-immobilier/lesson-85490/,list index out of range
https://www.meilleursagents.com/prix-immobilier/sainte-christine-85490/,list index out of range
https://www.meilleursagents.com/prix-immobilier/le-bernard-85560/,list index out of range
https://www.meilleursagents.com/prix-immobilier/bessay-85320/,list index out of range
https://www.meilleursagents.com/prix-immobilier/bois-de-cene-85710/,list index out of range
https://www.meilleursagents.com/prix-immobilier/la-boissiere-de-montaigu-85600/,list index out of range
https://www.meilleursagents.com/prix-immobilier/la-boissiere-des-landes-85430/,list index out of range
https://www.meilleursagents.com/prix-immobilier/bouille-courdault-85420/,list index out of range
https://www.meilleursagents.com/prix-immobilier/bouin-85230/,list index out of range
https://www.meilleursagents.com/prix-immobilier/le-boupere-85510/,list index out of range
https://www.meilleursagents.com/prix-immobilier/bourneau-85200/,list index out of range
https://www.meilleursagents.com/prix-immobilier/bournezeau-85480/,list index out of range
https://www.meilleursagents.com/prix-immobilier/saint-vincent-puymaufrais-85480/,list index out of range
https://www.meilleursagents.com/prix-immobilier/bretignolles-sur-mer-85470/,list index out of range
https://www.meilleursagents.com/prix-immobilier/la-bretonniere-la-claye-85320/,list index out of range
https://www.meilleursagents.com/prix-immobilier/la-claye-85320/,list index out of range
https://www.meilleursagents.com/prix-immobilier/les-brouzils-85260/,list index out of range
https://www.meilleursagents.com/prix-immobilier/la-bruffiere-85530/,list index out of range
https://www.meilleursagents.com/prix-immobilier/la-caillere-Saint-hilaire-85410/,list index out of range
https://www.meilleursagents.com/prix-immobilier/saint-hilaire-du-bois-85410/,list index out of range
https://www.meilleursagents.com/prix-immobilier/chaille-les-marais-85450/,list index out of range
https://www.meilleursagents.com/prix-immobilier/aisne-85450/,list index out of range
https://www.meilleursagents.com/prix-immobilier/sableau-85450/,list index out of range
https://www.meilleursagents.com/prix-immobilier/la-chaize-giraud-85220/,list index out of range
https://www.meilleursagents.com/prix-immobilier/la-chaize-le-vicomte-85310/,list index out of range
https://www.meilleursagents.com/prix-immobilier/la-limouziniere-85310/,list index out of range
https://www.meilleursagents.com/prix-immobilier/challans-85300/,list index out of range
https://www.meilleursagents.com/prix-immobilier/champagne-les-marais-85450/,list index out of range
https://www.meilleursagents.com/prix-immobilier/le-champ-Saint-pere-85540/,list index out of range
https://www.meilleursagents.com/prix-immobilier/chantonnay-85110/,list index out of range
https://www.meilleursagents.com/prix-immobilier/saint-philbert-du-pont-charrault-85110/,list index out of range
https://www.meilleursagents.com/prix-immobilier/la-chapelle-hermier-85220/,list index out of range
https://www.meilleursagents.com/prix-immobilier/la-chapelle-palluau-85670/,list index out of range
https://www.meilleursagents.com/prix-immobilier/la-chapelle-themer-85210/,list index out of range
https://www.meilleursagents.com/prix-immobilier/chasnais-85400/,list index out of range
https://www.meilleursagents.com/prix-immobilier/la-chataigneraie-85120/,list index out of range
https://www.meilleursagents.com/prix-immobilier/chateau-guibert-85320/,list index out of range
https://www.meilleursagents.com/prix-immobilier/chateauneuf-85710/,list index out of range
https://www.meilleursagents.com/prix-immobilier/chauche-85140/,list index out of range
https://www.meilleursagents.com/prix-immobilier/chavagnes-en-paillers-85250/,list index out of range
https://www.meilleursagents.com/prix-immobilier/chavagnes-les-redoux-85390/,list index out of range
https://www.meilleursagents.com/prix-immobilier/cheffois-85390/,list index out of range
https://www.meilleursagents.com/prix-immobilier/coex-85220/,list index out of range
https://www.meilleursagents.com/prix-immobilier/commequiers-85220/,list index out of range
https://www.meilleursagents.com/prix-immobilier/la-copechagniere-85260/,list index out of range
https://www.meilleursagents.com/prix-immobilier/corpe-85320/,list index out of range
https://www.meilleursagents.com/prix-immobilier/la-couture-85320/,list index out of range
https://www.meilleursagents.com/prix-immobilier/cugand-85610/,list index out of range
https://www.meilleursagents.com/prix-immobilier/la-bernardiere-85610/,list index out of range
https://www.meilleursagents.com/prix-immobilier/curzon-85540/,list index out of range
https://www.meilleursagents.com/prix-immobilier/damvix-85420/,list index out of range
https://www.meilleursagents.com/prix-immobilier/doix-85200/,list index out of range
https://www.meilleursagents.com/prix-immobilier/fontaines-85200/,list index out of range
https://www.meilleursagents.com/prix-immobilier/dompierre-sur-yon-85170/,list index out of range
https://www.meilleursagents.com/prix-immobilier/les-epesses-85590/,list index out of range
https://www.meilleursagents.com/prix-immobilier/l-epine-85740/,list index out of range
https://www.meilleursagents.com/prix-immobilier/boulogne-85140/,list index out of range
https://www.meilleursagents.com/prix-immobilier/les-essarts-85140/,list index out of range
https://www.meilleursagents.com/prix-immobilier/falleron-85670/,list index out of range
https://www.meilleursagents.com/prix-immobilier/faymoreau-85240/,list index out of range
https://www.meilleursagents.com/prix-immobilier/le-fenouiller-85800/,list index out of range
https://www.meilleursagents.com/prix-immobilier/la-ferriere-85280/,list index out of range
https://www.meilleursagents.com/prix-immobilier/la-flocelliere-85700/,list index out of range
https://www.meilleursagents.com/prix-immobilier/la-pommeraie-sur-sevre-85700/,list index out of range
https://www.meilleursagents.com/prix-immobilier/les-chatelliers-chateaumur-85700/,list index out of range
https://www.meilleursagents.com/prix-immobilier/saint-michel-mont-mercure-85700/,list index out of range
https://www.meilleursagents.com/prix-immobilier/fontenay-le-comte-85200/,list index out of range
https://www.meilleursagents.com/prix-immobilier/saint-medard-des-pres-85200/,list index out of range
https://www.meilleursagents.com/prix-immobilier/fougere-85480/,list index out of range
https://www.meilleursagents.com/prix-immobilier/foussais-payre-85240/,list index out of range
https://www.meilleursagents.com/prix-immobilier/froidfond-85300/,list index out of range
https://www.meilleursagents.com/prix-immobilier/la-garnache-85710/,list index out of range
https://www.meilleursagents.com/prix-immobilier/la-gaubretiere-85130/,list index out of range
https://www.meilleursagents.com/prix-immobilier/la-genetouze-85190/,list index out of range
https://www.meilleursagents.com/prix-immobilier/le-girouard-85150/,list index out of range
https://www.meilleursagents.com/prix-immobilier/givrand-85800/,list index out of range
https://www.meilleursagents.com/prix-immobilier/le-givre-85540/,list index out of range
https://www.meilleursagents.com/prix-immobilier/grand-landes-85670/,list index out of range
https://www.meilleursagents.com/prix-immobilier/grosbreuil-85440/,list index out of range
https://www.meilleursagents.com/prix-immobilier/grues-85580/,list index out of range
https://www.meilleursagents.com/prix-immobilier/le-gue-de-velluire-85770/,list index out of range
https://www.meilleursagents.com/prix-immobilier/la-gueriniere-85680/,list index out of range
https://www.meilleursagents.com/prix-immobilier/l-herbergement-85260/,list index out of range
https://www.meilleursagents.com/prix-immobilier/les-herbiers-85500/,list index out of range
https://www.meilleursagents.com/prix-immobilier/l-hermenault-85570/,list index out of range
https://www.meilleursagents.com/prix-immobilier/l-ile-d-elle-85770/,list index out of range
https://www.meilleursagents.com/prix-immobilier/l-ile-d-olonne-85340/,list index out of range
https://www.meilleursagents.com/prix-immobilier/l-ile-d-yeu-85350/,list index out of range
https://www.meilleursagents.com/prix-immobilier/port-joinville-85350/,list index out of range
https://www.meilleursagents.com/prix-immobilier/jard-sur-mer-85520/,list index out of range
https://www.meilleursagents.com/prix-immobilier/la-jaudonniere-85110/,list index out of range
https://www.meilleursagents.com/prix-immobilier/la-jonchere-85540/,list index out of range
https://www.meilleursagents.com/prix-immobilier/lairoux-85400/,list index out of range
https://www.meilleursagents.com/prix-immobilier/landeronde-85150/,list index out of range
https://www.meilleursagents.com/prix-immobilier/les-landes-genusson-85130/,list index out of range
https://www.meilleursagents.com/prix-immobilier/landevieille-85220/,list index out of range
https://www.meilleursagents.com/prix-immobilier/le-langon-85370/,list index out of range
https://www.meilleursagents.com/prix-immobilier/liez-85420/,list index out of range
https://www.meilleursagents.com/prix-immobilier/loge-fougereuse-85120/,list index out of range
https://www.meilleursagents.com/prix-immobilier/longeves-85200/,list index out of range
https://www.meilleursagents.com/prix-immobilier/longeville-sur-mer-85560/,list index out of range
https://www.meilleursagents.com/prix-immobilier/lucon-85400/,list index out of range
https://www.meilleursagents.com/prix-immobilier/les-lucs-sur-boulogne-85170/,list index out of range
https://www.meilleursagents.com/prix-immobilier/mache-85190/,list index out of range
https://www.meilleursagents.com/prix-immobilier/les-magnils-reigniers-85400/,list index out of range
https://www.meilleursagents.com/prix-immobilier/maille-85420/,list index out of range
https://www.meilleursagents.com/prix-immobilier/maillezais-85420/,list index out of range
https://www.meilleursagents.com/prix-immobilier/mallievre-85590/,list index out of range
https://www.meilleursagents.com/prix-immobilier/mareuil-sur-lay-dissais-85320/,list index out of range
https://www.meilleursagents.com/prix-immobilier/dissais-85320/,list index out of range
https://www.meilleursagents.com/prix-immobilier/marillet-85240/,list index out of range
https://www.meilleursagents.com/prix-immobilier/marsais-ste-radegonde-85570/,list index out of range
https://www.meilleursagents.com/prix-immobilier/martinet-85150/,list index out of range
https://www.meilleursagents.com/prix-immobilier/le-mazeau-85420/,list index out of range
https://www.meilleursagents.com/prix-immobilier/la-meilleraie-tillay-85700/,list index out of range
https://www.meilleursagents.com/prix-immobilier/menomblet-85700/,list index out of range
https://www.meilleursagents.com/prix-immobilier/la-merlatiere-85140/,list index out of range
https://www.meilleursagents.com/prix-immobilier/mervent-85200/,list index out of range
https://www.meilleursagents.com/prix-immobilier/mesnard-la-barotiere-85500/,list index out of range
https://www.meilleursagents.com/prix-immobilier/monsireigne-85110/,list index out of range
https://www.meilleursagents.com/prix-immobilier/bouffere-85600/,list index out of range
https://www.meilleursagents.com/prix-immobilier/la-guyonniere-85600/,list index out of range
https://www.meilleursagents.com/prix-immobilier/montaigu-85600/,list index out of range
https://www.meilleursagents.com/prix-immobilier/saint-georges-de-montaigu-85600/,list index out of range
https://www.meilleursagents.com/prix-immobilier/saint-hilaire-de-loulay-85600/,list index out of range
https://www.meilleursagents.com/prix-immobilier/montournais-85700/,list index out of range
https://www.meilleursagents.com/prix-immobilier/montreuil-85200/,list index out of range
https://www.meilleursagents.com/prix-immobilier/moreilles-85450/,list index out of range
https://www.meilleursagents.com/prix-immobilier/mortagne-sur-sevre-85290/,list index out of range
https://www.meilleursagents.com/prix-immobilier/la-chapelle-achard-85150/,list index out of range
https://www.meilleursagents.com/prix-immobilier/la-mothe-achard-85150/,list index out of range
https://www.meilleursagents.com/prix-immobilier/mouchamps-85640/,list index out of range
https://www.meilleursagents.com/prix-immobilier/mouilleron-en-pareds-85390/,list index out of range
https://www.meilleursagents.com/prix-immobilier/saint-germain-l-aiguiller-85390/,list index out of range
https://www.meilleursagents.com/prix-immobilier/mouilleron-le-captif-85000/,list index out of range
https://www.meilleursagents.com/prix-immobilier/moutiers-les-mauxfaits-85540/,list index out of range
https://www.meilleursagents.com/prix-immobilier/moutiers-sur-le-lay-85320/,list index out of range
https://www.meilleursagents.com/prix-immobilier/mouzeuil-Saint-martin-85370/,list index out of range
https://www.meilleursagents.com/prix-immobilier/nalliers-85370/,list index out of range
https://www.meilleursagents.com/prix-immobilier/nesmy-85310/,list index out of range
https://www.meilleursagents.com/prix-immobilier/nieul-le-dolent-85430/,list index out of range
https://www.meilleursagents.com/prix-immobilier/nieul-sur-l-autise-85240/,list index out of range
https://www.meilleursagents.com/prix-immobilier/oulmes-85420/,list index out of range
https://www.meilleursagents.com/prix-immobilier/noirmoutier-en-l-ile-85330/,list index out of range
https://www.meilleursagents.com/prix-immobilier/notre-dame-de-monts-85690/,list index out of range
https://www.meilleursagents.com/prix-immobilier/l-oie-85140/,list index out of range
https://www.meilleursagents.com/prix-immobilier/l-orbrie-85200/,list index out of range
https://www.meilleursagents.com/prix-immobilier/palluau-85670/,list index out of range
https://www.meilleursagents.com/prix-immobilier/peault-85320/,list index out of range
https://www.meilleursagents.com/prix-immobilier/le-perrier-85300/,list index out of range
https://www.meilleursagents.com/prix-immobilier/petosse-85570/,list index out of range
https://www.meilleursagents.com/prix-immobilier/les-pineaux-85320/,list index out of range
https://www.meilleursagents.com/prix-immobilier/pissotte-85200/,list index out of range
https://www.meilleursagents.com/prix-immobilier/le-poire-sur-velluire-85770/,list index out of range
https://www.meilleursagents.com/prix-immobilier/velluire-85770/,list index out of range
https://www.meilleursagents.com/prix-immobilier/le-poire-sur-vie-85170/,list index out of range
https://www.meilleursagents.com/prix-immobilier/poiroux-85440/,list index out of range
https://www.meilleursagents.com/prix-immobilier/pouille-85570/,list index out of range
https://www.meilleursagents.com/prix-immobilier/pouzauges-85700/,list index out of range
https://www.meilleursagents.com/prix-immobilier/puy-de-serre-85240/,list index out of range
https://www.meilleursagents.com/prix-immobilier/puyravault-85450/,list index out of range
https://www.meilleursagents.com/prix-immobilier/la-rabateliere-85250/,list index out of range
https://www.meilleursagents.com/prix-immobilier/reaumur-85700/,list index out of range
https://www.meilleursagents.com/prix-immobilier/la-reorthe-85210/,list index out of range
https://www.meilleursagents.com/prix-immobilier/notre-dame-de-riez-85270/,list index out of range
https://www.meilleursagents.com/prix-immobilier/rocheserviere-85620/,list index out of range
https://www.meilleursagents.com/prix-immobilier/la-roche-sur-yon-85000/,list index out of range
https://www.meilleursagents.com/prix-immobilier/rochetrejoux-85510/,list index out of range
https://www.meilleursagents.com/prix-immobilier/rosnay-85320/,list index out of range
https://www.meilleursagents.com/prix-immobilier/les-sables-d-olonne-85100/,list index out of range
https://www.meilleursagents.com/prix-immobilier/chateau-d-olonne-85180/,list index out of range
https://www.meilleursagents.com/prix-immobilier/olonne-sur-mer-85340/,list index out of range
https://www.meilleursagents.com/prix-immobilier/saint-andre-goule-d-oie-85250/,list index out of range
https://www.meilleursagents.com/prix-immobilier/mormaison-85260/,list index out of range
https://www.meilleursagents.com/prix-immobilier/saint-andre-treize-voies-85260/,list index out of range
https://www.meilleursagents.com/prix-immobilier/saint-sulpice-le-verdon-85260/,list index out of range
https://www.meilleursagents.com/prix-immobilier/saint-aubin-des-ormeaux-85130/,list index out of range
https://www.meilleursagents.com/prix-immobilier/saint-aubin-la-plaine-85210/,list index out of range
https://www.meilleursagents.com/prix-immobilier/saint-avaugourd-des-landes-85540/,list index out of range
https://www.meilleursagents.com/prix-immobilier/saint-benoist-sur-mer-85540/,list index out of range
https://www.meilleursagents.com/prix-immobilier/sainte-cecile-85110/,list index out of range
https://www.meilleursagents.com/prix-immobilier/saint-christophe-du-ligneron-85670/,list index out of range
https://www.meilleursagents.com/prix-immobilier/saint-cyr-des-gats-85410/,list index out of range
https://www.meilleursagents.com/prix-immobilier/saint-cyr-en-talmondais-85540/,list index out of range
https://www.meilleursagents.com/prix-immobilier/saint-denis-du-payre-85580/,list index out of range
https://www.meilleursagents.com/prix-immobilier/saint-denis-la-chevasse-85170/,list index out of range
https://www.meilleursagents.com/prix-immobilier/saint-etienne-de-brillouet-85210/,list index out of range
https://www.meilleursagents.com/prix-immobilier/saint-etienne-du-bois-85670/,list index out of range
https://www.meilleursagents.com/prix-immobilier/sainte-flaive-des-loups-85150/,list index out of range
https://www.meilleursagents.com/prix-immobilier/sainte-florence-85140/,list index out of range
https://www.meilleursagents.com/prix-immobilier/chaille-sous-les-ormeaux-85310/,list index out of range
https://www.meilleursagents.com/prix-immobilier/saint-florent-des-bois-85310/,list index out of range
https://www.meilleursagents.com/prix-immobilier/sainte-foy-85150/,list index out of range
https://www.meilleursagents.com/prix-immobilier/saint-fulgent-85250/,list index out of range
https://www.meilleursagents.com/prix-immobilier/sainte-gemme-la-plaine-85400/,list index out of range
https://www.meilleursagents.com/prix-immobilier/saint-georges-de-pointindoux-85150/,list index out of range
https://www.meilleursagents.com/prix-immobilier/saint-germain-de-princay-85110/,list index out of range
https://www.meilleursagents.com/prix-immobilier/saint-gervais-85230/,list index out of range
https://www.meilleursagents.com/prix-immobilier/saint-gilles-croix-de-vie-85800/,list index out of range
https://www.meilleursagents.com/prix-immobilier/sainte-hermine-85210/,list index out of range
https://www.meilleursagents.com/prix-immobilier/saint-jean-de-beugne-85210/,list index out of range
https://www.meilleursagents.com/prix-immobilier/saint-hilaire-de-riez-85270/,list index out of range
https://www.meilleursagents.com/prix-immobilier/sion-sur-l-ocean-85270/,list index out of range
https://www.meilleursagents.com/prix-immobilier/saint-hilaire-des-loges-85240/,list index out of range
https://www.meilleursagents.com/prix-immobilier/saint-hilaire-de-voust-85120/,list index out of range
https://www.meilleursagents.com/prix-immobilier/saint-hilaire-la-foret-85440/,list index out of range
https://www.meilleursagents.com/prix-immobilier/saint-hilaire-le-vouhis-85480/,list index out of range
https://www.meilleursagents.com/prix-immobilier/saint-jean-de-monts-85160/,list index out of range
https://www.meilleursagents.com/prix-immobilier/saint-juire-champgillon-85210/,list index out of range
https://www.meilleursagents.com/prix-immobilier/saint-julien-des-landes-85150/,list index out of range
https://www.meilleursagents.com/prix-immobilier/saint-laurent-de-la-salle-85410/,list index out of range
https://www.meilleursagents.com/prix-immobilier/saint-laurent-sur-sevre-85290/,list index out of range
https://www.meilleursagents.com/prix-immobilier/saint-maixent-sur-vie-85220/,list index out of range
https://www.meilleursagents.com/prix-immobilier/saint-malo-du-bois-85590/,list index out of range
https://www.meilleursagents.com/prix-immobilier/saint-mars-la-reorthe-85590/,list index out of range
https://www.meilleursagents.com/prix-immobilier/brem-sur-mer-85470/,list index out of range
https://www.meilleursagents.com/prix-immobilier/saint-nicolas-de-brem-85470/,list index out of range
https://www.meilleursagents.com/prix-immobilier/saint-martin-de-fraigneau-85200/,list index out of range
https://www.meilleursagents.com/prix-immobilier/saint-martin-des-fontaines-85570/,list index out of range
https://www.meilleursagents.com/prix-immobilier/saint-martin-des-noyers-85140/,list index out of range
https://www.meilleursagents.com/prix-immobilier/saint-martin-des-tilleuls-85130/,list index out of range
https://www.meilleursagents.com/prix-immobilier/saint-martin-lars-en-ste-hermine-85210/,list index out of range
https://www.meilleursagents.com/prix-immobilier/saint-mathurin-85150/,list index out of range
https://www.meilleursagents.com/prix-immobilier/saint-maurice-des-noues-85120/,list index out of range
https://www.meilleursagents.com/prix-immobilier/saint-maurice-le-girard-85390/,list index out of range
https://www.meilleursagents.com/prix-immobilier/saint-mesmin-85700/,list index out of range
https://www.meilleursagents.com/prix-immobilier/saint-michel-en-l-herm-85580/,list index out of range
https://www.meilleursagents.com/prix-immobilier/saint-michel-le-cloucq-85200/,list index out of range
https://www.meilleursagents.com/prix-immobilier/saint-paul-en-pareds-85500/,list index out of range
https://www.meilleursagents.com/prix-immobilier/saint-paul-mont-penit-85670/,list index out of range
https://www.meilleursagents.com/prix-immobilier/sainte-pexine-85320/,list index out of range
https://www.meilleursagents.com/prix-immobilier/saint-philbert-de-bouaine-85660/,list index out of range
https://www.meilleursagents.com/prix-immobilier/saint-pierre-du-chemin-85120/,list index out of range
https://www.meilleursagents.com/prix-immobilier/saint-pierre-le-vieux-85420/,list index out of range
https://www.meilleursagents.com/prix-immobilier/saint-prouant-85110/,list index out of range
https://www.meilleursagents.com/prix-immobilier/sainte-radegonde-des-noyers-85450/,list index out of range
https://www.meilleursagents.com/prix-immobilier/saint-reverend-85220/,list index out of range
https://www.meilleursagents.com/prix-immobilier/saint-sigismond-85420/,list index out of range
https://www.meilleursagents.com/prix-immobilier/saint-urbain-85230/,list index out of range
https://www.meilleursagents.com/prix-immobilier/saint-valerien-85570/,list index out of range
https://www.meilleursagents.com/prix-immobilier/saint-vincent-sterlanges-85110/,list index out of range
https://www.meilleursagents.com/prix-immobilier/saint-vincent-sur-graon-85540/,list index out of range
https://www.meilleursagents.com/prix-immobilier/saint-sornin-85540/,list index out of range
https://www.meilleursagents.com/prix-immobilier/saint-vincent-sur-jard-85520/,list index out of range
https://www.meilleursagents.com/prix-immobilier/sallertaine-85300/,list index out of range
https://www.meilleursagents.com/prix-immobilier/serigne-85200/,list index out of range
https://www.meilleursagents.com/prix-immobilier/sigournais-85110/,list index out of range
https://www.meilleursagents.com/prix-immobilier/soullans-85300/,list index out of range
https://www.meilleursagents.com/prix-immobilier/le-tablier-85310/,list index out of range
https://www.meilleursagents.com/prix-immobilier/la-taillee-85450/,list index out of range
https://www.meilleursagents.com/prix-immobilier/tallud-ste-gemme-85390/,list index out of range
https://www.meilleursagents.com/prix-immobilier/talmont-Saint-hilaire-85440/,list index out of range
https://www.meilleursagents.com/prix-immobilier/saint-hilaire-de-talmont-85440/,list index out of range
https://www.meilleursagents.com/prix-immobilier/breuil-barret-85120/,list index out of range
https://www.meilleursagents.com/prix-immobilier/la-chapelle-aux-lys-85120/,list index out of range
https://www.meilleursagents.com/prix-immobilier/la-tardiere-85120/,list index out of range
https://www.meilleursagents.com/prix-immobilier/thire-85210/,list index out of range
https://www.meilleursagents.com/prix-immobilier/thorigny-85480/,list index out of range
https://www.meilleursagents.com/prix-immobilier/cezais-85410/,list index out of range
https://www.meilleursagents.com/prix-immobilier/saint-sulpice-en-pareds-85410/,list index out of range
https://www.meilleursagents.com/prix-immobilier/thouarsais-bouildroux-85410/,list index out of range
https://www.meilleursagents.com/prix-immobilier/tiffauges-85130/,list index out of range
https://www.meilleursagents.com/prix-immobilier/la-tranche-sur-mer-85360/,list index out of range
https://www.meilleursagents.com/prix-immobilier/treize-septiers-85600/,list index out of range
https://www.meilleursagents.com/prix-immobilier/treize-vents-85590/,list index out of range
https://www.meilleursagents.com/prix-immobilier/triaize-85580/,list index out of range
https://www.meilleursagents.com/prix-immobilier/vaire-85150/,list index out of range
https://www.meilleursagents.com/prix-immobilier/venansault-85190/,list index out of range
https://www.meilleursagents.com/prix-immobilier/vendrennes-85250/,list index out of range
https://www.meilleursagents.com/prix-immobilier/la-verrie-85130/,list index out of range
https://www.meilleursagents.com/prix-immobilier/chambretaud-85500/,list index out of range
https://www.meilleursagents.com/prix-immobilier/vix-85770/,list index out of range
https://www.meilleursagents.com/prix-immobilier/vouille-les-marais-85450/,list index out of range
https://www.meilleursagents.com/prix-immobilier/vouvant-85120/,list index out of range
https://www.meilleursagents.com/prix-immobilier/xanton-chassenon-85240/,list index out of range
