code_insee,Code_postal,Departement
44001,44170,Loire-Atlantique
44002,44140,Loire-Atlantique
44003,44150,Loire-Atlantique
44003,44150,Loire-Atlantique
44005,44320,Loire-Atlantique
44005,44320,Loire-Atlantique
44005,44680,Loire-Atlantique
44006,44410,Loire-Atlantique
44006,44410,Loire-Atlantique
44007,44460,Loire-Atlantique
44009,44115,Loire-Atlantique
44010,44740,Loire-Atlantique
44012,44760,Loire-Atlantique
44013,44160,Loire-Atlantique
44014,44140,Loire-Atlantique
44015,44130,Loire-Atlantique
44015,44130,Loire-Atlantique
44015,44130,Loire-Atlantique
44016,44430,Loire-Atlantique
44018,44830,Loire-Atlantique
44019,44260,Loire-Atlantique
44020,44340,Loire-Atlantique
44020,44340,Loire-Atlantique
44021,44580,Loire-Atlantique
44021,44580,Loire-Atlantique
44021,44580,Loire-Atlantique
44022,44190,Loire-Atlantique
44023,44130,Loire-Atlantique
44024,44830,Loire-Atlantique
44025,44750,Loire-Atlantique
44026,44470,Loire-Atlantique
44027,44390,Loire-Atlantique
44028,44850,Loire-Atlantique
44029,44450,Loire-Atlantique
44029,44450,Loire-Atlantique
44030,44410,Loire-Atlantique
44031,44670,Loire-Atlantique
44032,44330,Loire-Atlantique
44033,44260,Loire-Atlantique
44035,44240,Loire-Atlantique
44036,44110,Loire-Atlantique
44037,44690,Loire-Atlantique
44038,44320,Loire-Atlantique
44039,44640,Loire-Atlantique
44041,44118,Loire-Atlantique
44041,44118,Loire-Atlantique
44043,44190,Loire-Atlantique
44044,44290,Loire-Atlantique
44045,44360,Loire-Atlantique
44046,44560,Loire-Atlantique
44047,44220,Loire-Atlantique
44047,44220,Loire-Atlantique
44048,44521,Loire-Atlantique
44049,44490,Loire-Atlantique
44050,44160,Loire-Atlantique
44051,44590,Loire-Atlantique
44052,44480,Loire-Atlantique
44053,44530,Loire-Atlantique
44054,44110,Loire-Atlantique
44055,44500,Loire-Atlantique
44056,44130,Loire-Atlantique
44057,44460,Loire-Atlantique
44058,44660,Loire-Atlantique
44061,44320,Loire-Atlantique
44062,44130,Loire-Atlantique
44063,44190,Loire-Atlantique
44064,44190,Loire-Atlantique
44065,44520,Loire-Atlantique
44066,44119,Loire-Atlantique
44067,44290,Loire-Atlantique
44067,44290,Loire-Atlantique
44067,44290,Loire-Atlantique
44068,44530,Loire-Atlantique
44068,44530,Loire-Atlantique
44069,44350,Loire-Atlantique
44069,44350,Loire-Atlantique
44069,44350,Loire-Atlantique
44069,44350,Loire-Atlantique
44070,44690,Loire-Atlantique
44071,44115,Loire-Atlantique
44072,44410,Loire-Atlantique
44072,44410,Loire-Atlantique
44073,44810,Loire-Atlantique
44074,44610,Loire-Atlantique
44074,44610,Loire-Atlantique
44074,44610,Loire-Atlantique
44075,44520,Loire-Atlantique
44076,44170,Loire-Atlantique
44077,44440,Loire-Atlantique
44077,44440,Loire-Atlantique
44078,44670,Loire-Atlantique
44079,44430,Loire-Atlantique
44080,44260,Loire-Atlantique
44081,44650,Loire-Atlantique
44082,44850,Loire-Atlantique
44083,44310,Loire-Atlantique
44084,44430,Loire-Atlantique
44085,44110,Loire-Atlantique
44086,44590,Loire-Atlantique
44087,44270,Loire-Atlantique
44087,44270,Loire-Atlantique
44088,44690,Loire-Atlantique
44089,44260,Loire-Atlantique
44090,44270,Loire-Atlantique
44091,44170,Loire-Atlantique
44092,44290,Loire-Atlantique
44094,44470,Loire-Atlantique
44095,44520,Loire-Atlantique
44096,44522,Loire-Atlantique
44097,44420,Loire-Atlantique
44097,44420,Loire-Atlantique
44098,44780,Loire-Atlantique
44099,44520,Loire-Atlantique
44100,44690,Loire-Atlantique
44101,44620,Loire-Atlantique
44102,44140,Loire-Atlantique
44103,44550,Loire-Atlantique
44104,44370,Loire-Atlantique
44105,44590,Loire-Atlantique
44106,44760,Loire-Atlantique
44107,44850,Loire-Atlantique
44108,44330,Loire-Atlantique
44109,44000,Loire-Atlantique
44109,44100,Loire-Atlantique
44109,44200,Loire-Atlantique
44109,44300,Loire-Atlantique
44110,44390,Loire-Atlantique
44111,44130,Loire-Atlantique
44112,44110,Loire-Atlantique
44113,44170,Loire-Atlantique
44114,44700,Loire-Atlantique
44115,44521,Loire-Atlantique
44116,44560,Loire-Atlantique
44117,44330,Loire-Atlantique
44118,44440,Loire-Atlantique
44119,44270,Loire-Atlantique
44120,44640,Loire-Atlantique
44121,44670,Loire-Atlantique
44122,44390,Loire-Atlantique
44123,44290,Loire-Atlantique
44124,44540,Loire-Atlantique
44125,44420,Loire-Atlantique
44126,44770,Loire-Atlantique
44127,44140,Loire-Atlantique
44128,44630,Loire-Atlantique
44128,44630,Loire-Atlantique
44128,44630,Loire-Atlantique
44129,44160,Loire-Atlantique
44129,44160,Loire-Atlantique
44129,44160,Loire-Atlantique
44130,44860,Loire-Atlantique
44130,44860,Loire-Atlantique
44131,44210,Loire-Atlantique
44131,44210,Loire-Atlantique
44131,44210,Loire-Atlantique
44132,44380,Loire-Atlantique
44133,44710,Loire-Atlantique
44134,44522,Loire-Atlantique
44135,44510,Loire-Atlantique
44136,44770,Loire-Atlantique
44137,44260,Loire-Atlantique
44138,44390,Loire-Atlantique
44139,44750,Loire-Atlantique
44140,44330,Loire-Atlantique
44141,44430,Loire-Atlantique
44142,44140,Loire-Atlantique
44143,44400,Loire-Atlantique
44143,44400,Loire-Atlantique
44144,44440,Loire-Atlantique
44145,44640,Loire-Atlantique
44146,44660,Loire-Atlantique
44148,44660,Loire-Atlantique
44149,44390,Loire-Atlantique
44150,44860,Loire-Atlantique
44151,44117,Loire-Atlantique
44152,44160,Loire-Atlantique
44153,44110,Loire-Atlantique
44154,44250,Loire-Atlantique
44154,44250,Loire-Atlantique
44154,44250,Loire-Atlantique
44155,44310,Loire-Atlantique
44155,44310,Loire-Atlantique
44156,44650,Loire-Atlantique
44156,44650,Loire-Atlantique
44156,44650,Loire-Atlantique
44157,44270,Loire-Atlantique
44158,44360,Loire-Atlantique
44159,44690,Loire-Atlantique
44161,44530,Loire-Atlantique
44162,44800,Loire-Atlantique
44163,44150,Loire-Atlantique
44163,44150,Loire-Atlantique
44164,44680,Loire-Atlantique
44165,44190,Loire-Atlantique
44166,44640,Loire-Atlantique
44168,44720,Loire-Atlantique
44169,44450,Loire-Atlantique
44170,44670,Loire-Atlantique
44171,44710,Loire-Atlantique
44172,44980,Loire-Atlantique
44173,44190,Loire-Atlantique
44174,44310,Loire-Atlantique
44175,44410,Loire-Atlantique
44176,44550,Loire-Atlantique
44178,44680,Loire-Atlantique
44179,44850,Loire-Atlantique
44180,44540,Loire-Atlantique
44180,44540,Loire-Atlantique
44180,44540,Loire-Atlantique
44180,44540,Loire-Atlantique
44180,44540,Loire-Atlantique
44180,44540,Loire-Atlantique
44182,44730,Loire-Atlantique
44182,44730,Loire-Atlantique
44183,44350,Loire-Atlantique
44184,44600,Loire-Atlantique
44184,44600,Loire-Atlantique
44185,44460,Loire-Atlantique
44186,44680,Loire-Atlantique
44187,44320,Loire-Atlantique
44188,44310,Loire-Atlantique
44189,44160,Loire-Atlantique
44190,44230,Loire-Atlantique
44192,44320,Loire-Atlantique
44193,44590,Loire-Atlantique
44194,44880,Loire-Atlantique
44195,44260,Loire-Atlantique
44196,44530,Loire-Atlantique
44197,44590,Loire-Atlantique
44198,44840,Loire-Atlantique
44199,44110,Loire-Atlantique
44200,44660,Loire-Atlantique
44201,44240,Loire-Atlantique
44202,44440,Loire-Atlantique
44203,44360,Loire-Atlantique
44204,44470,Loire-Atlantique
44205,44390,Loire-Atlantique
44206,44650,Loire-Atlantique
44207,44440,Loire-Atlantique
44208,44170,Loire-Atlantique
44209,44119,Loire-Atlantique
44210,44570,Loire-Atlantique
44211,44420,Loire-Atlantique
44211,44420,Loire-Atlantique
44212,44330,Loire-Atlantique
44213,44370,Loire-Atlantique
44213,44370,Loire-Atlantique
44213,44370,Loire-Atlantique
44213,44370,Loire-Atlantique
44214,44170,Loire-Atlantique
44215,44120,Loire-Atlantique
44215,44120,Loire-Atlantique
44216,44116,Loire-Atlantique
44217,44360,Loire-Atlantique
44217,44360,Loire-Atlantique
44218,44110,Loire-Atlantique
44220,44640,Loire-Atlantique
44221,44810,Loire-Atlantique
44222,44522,Loire-Atlantique
44223,44140,Loire-Atlantique
44224,44170,Loire-Atlantique
49002,49650,Maine-et-Loire
49003,49700,Maine-et-Loire
49003,49700,Maine-et-Loire
49003,49700,Maine-et-Loire
49007,49000,Maine-et-Loire
49007,49100,Maine-et-Loire
49008,49440,Maine-et-Loire
49009,49260,Maine-et-Loire
49010,49420,Maine-et-Loire
49011,49260,Maine-et-Loire
49012,49540,Maine-et-Loire
49015,49240,Maine-et-Loire
49017,49430,Maine-et-Loire
49018,49150,Maine-et-Loire
49018,49150,Maine-et-Loire
49018,49150,Maine-et-Loire
49018,49150,Maine-et-Loire
49018,49150,Maine-et-Loire
49018,49150,Maine-et-Loire
49018,49150,Maine-et-Loire
49018,49150,Maine-et-Loire
49018,49150,Maine-et-Loire
49018,49150,Maine-et-Loire
49018,49150,Maine-et-Loire
49018,49150,Maine-et-Loire
49018,49150,Maine-et-Loire
49018,49150,Maine-et-Loire
49018,49150,Maine-et-Loire
49020,49070,Maine-et-Loire
49021,49250,Maine-et-Loire
49021,49250,Maine-et-Loire
49022,49750,Maine-et-Loire
49023,49110,Maine-et-Loire
49023,49450,Maine-et-Loire
49023,49510,Maine-et-Loire
49023,49510,Maine-et-Loire
49023,49510,Maine-et-Loire
49023,49600,Maine-et-Loire
49023,49600,Maine-et-Loire
49023,49600,Maine-et-Loire
49023,49600,Maine-et-Loire
49023,49600,Maine-et-Loire
49026,49370,Maine-et-Loire
49027,49122,Maine-et-Loire
49028,49170,Maine-et-Loire
49029,49320,Maine-et-Loire
49029,49320,Maine-et-Loire
49029,49320,Maine-et-Loire
49030,49160,Maine-et-Loire
49035,49080,Maine-et-Loire
49036,49520,Maine-et-Loire
49038,49520,Maine-et-Loire
49041,49650,Maine-et-Loire
49045,49390,Maine-et-Loire
49048,49125,Maine-et-Loire
49050,49250,Maine-et-Loire
49050,49320,Maine-et-Loire
49050,49320,Maine-et-Loire
49050,49320,Maine-et-Loire
49050,49320,Maine-et-Loire
49050,49320,Maine-et-Loire
49050,49320,Maine-et-Loire
49050,49320,Maine-et-Loire
49050,49320,Maine-et-Loire
49050,49320,Maine-et-Loire
49050,49320,Maine-et-Loire
49053,49700,Maine-et-Loire
49054,49440,Maine-et-Loire
49055,49460,Maine-et-Loire
49056,49420,Maine-et-Loire
49057,49310,Maine-et-Loire
49058,49360,Maine-et-Loire
49060,49260,Maine-et-Loire
49060,49260,Maine-et-Loire
49060,49400,Maine-et-Loire
49061,49440,Maine-et-Loire
49063,49290,Maine-et-Loire
49064,49220,Maine-et-Loire
49067,49220,Maine-et-Loire
49067,49220,Maine-et-Loire
49068,49123,Maine-et-Loire
49070,49340,Maine-et-Loire
49076,49140,Maine-et-Loire
49080,49330,Maine-et-Loire
49080,49330,Maine-et-Loire
49080,49330,Maine-et-Loire
49080,49330,Maine-et-Loire
49080,49330,Maine-et-Loire
49080,49330,Maine-et-Loire
49080,49330,Maine-et-Loire
49080,49330,Maine-et-Loire
49082,49290,Maine-et-Loire
49086,49380,Maine-et-Loire
49086,49380,Maine-et-Loire
49086,49540,Maine-et-Loire
49089,49500,Maine-et-Loire
49090,49125,Maine-et-Loire
49092,49120,Maine-et-Loire
49092,49120,Maine-et-Loire
49092,49120,Maine-et-Loire
49092,49120,Maine-et-Loire
49092,49120,Maine-et-Loire
49092,49120,Maine-et-Loire
49092,49120,Maine-et-Loire
49092,49120,Maine-et-Loire
49092,49120,Maine-et-Loire
49092,49120,Maine-et-Loire
49092,49120,Maine-et-Loire
49092,49310,Maine-et-Loire
49092,49670,Maine-et-Loire
49092,49670,Maine-et-Loire
49092,49750,Maine-et-Loire
49099,49300,Maine-et-Loire
49099,49300,Maine-et-Loire
49100,49700,Maine-et-Loire
49102,49560,Maine-et-Loire
49107,49140,Maine-et-Loire
49109,49690,Maine-et-Loire
49110,49140,Maine-et-Loire
49112,49260,Maine-et-Loire
49113,49260,Maine-et-Loire
49114,49390,Maine-et-Loire
49120,49190,Maine-et-Loire
49121,49700,Maine-et-Loire
49123,49400,Maine-et-Loire
49125,49700,Maine-et-Loire
49125,49700,Maine-et-Loire
49125,49700,Maine-et-Loire
49125,49700,Maine-et-Loire
49125,49700,Maine-et-Loire
49125,49700,Maine-et-Loire
49125,49700,Maine-et-Loire
49125,49700,Maine-et-Loire
49126,49270,Maine-et-Loire
49126,49270,Maine-et-Loire
49126,49270,Maine-et-Loire
49126,49270,Maine-et-Loire
49126,49270,Maine-et-Loire
49126,49270,Maine-et-Loire
49126,49530,Maine-et-Loire
49126,49530,Maine-et-Loire
49126,49530,Maine-et-Loire
49127,49430,Maine-et-Loire
49129,49000,Maine-et-Loire
49130,49460,Maine-et-Loire
49131,49260,Maine-et-Loire
49132,49330,Maine-et-Loire
49135,49460,Maine-et-Loire
49138,49250,Maine-et-Loire
49138,49250,Maine-et-Loire
49138,49250,Maine-et-Loire
49140,49590,Maine-et-Loire
49155,49220,Maine-et-Loire
49160,49123,Maine-et-Loire
49160,49123,Maine-et-Loire
49160,49123,Maine-et-Loire
49161,49220,Maine-et-Loire
49163,49140,Maine-et-Loire
49163,49140,Maine-et-Loire
49163,49140,Maine-et-Loire
49163,49140,Maine-et-Loire
49167,49320,Maine-et-Loire
49167,49610,Maine-et-Loire
49170,49330,Maine-et-Loire
49171,49150,Maine-et-Loire
49174,49430,Maine-et-Loire
49174,49430,Maine-et-Loire
49176,49220,Maine-et-Loire
49176,49220,Maine-et-Loire
49178,49440,Maine-et-Loire
49180,49160,Maine-et-Loire
49180,49160,Maine-et-Loire
49182,49700,Maine-et-Loire
49183,49370,Maine-et-Loire
49183,49370,Maine-et-Loire
49183,49440,Maine-et-Loire
49188,49140,Maine-et-Loire
49192,49360,Maine-et-Loire
49193,49122,Maine-et-Loire
49194,49140,Maine-et-Loire
49194,49630,Maine-et-Loire
49195,49280,Maine-et-Loire
49200,49220,Maine-et-Loire
49200,49770,Maine-et-Loire
49200,49770,Maine-et-Loire
49200,49770,Maine-et-Loire
49201,49250,Maine-et-Loire
49205,49330,Maine-et-Loire
49209,49430,Maine-et-Loire
49211,49310,Maine-et-Loire
49214,49460,Maine-et-Loire
49214,49460,Maine-et-Loire
49215,49260,Maine-et-Loire
49215,49260,Maine-et-Loire
49216,49140,Maine-et-Loire
49217,49220,Maine-et-Loire
49218,49110,Maine-et-Loire
49218,49110,Maine-et-Loire
49218,49110,Maine-et-Loire
49218,49110,Maine-et-Loire
49218,49110,Maine-et-Loire
49218,49110,Maine-et-Loire
49218,49110,Maine-et-Loire
49218,49270,Maine-et-Loire
49218,49600,Maine-et-Loire
49218,49600,Maine-et-Loire
49218,49600,Maine-et-Loire
49219,49730,Maine-et-Loire
49220,49640,Maine-et-Loire
49220,49640,Maine-et-Loire
49220,49640,Maine-et-Loire
49221,49390,Maine-et-Loire
49222,49610,Maine-et-Loire
49223,49610,Maine-et-Loire
49224,49680,Maine-et-Loire
49228,49390,Maine-et-Loire
49228,49490,Maine-et-Loire
49228,49490,Maine-et-Loire
49228,49490,Maine-et-Loire
49228,49490,Maine-et-Loire
49228,49490,Maine-et-Loire
49228,49490,Maine-et-Loire
49228,49490,Maine-et-Loire
49228,49490,Maine-et-Loire
49228,49490,Maine-et-Loire
49228,49490,Maine-et-Loire
49228,49490,Maine-et-Loire
49228,49490,Maine-et-Loire
49228,49490,Maine-et-Loire
49231,49340,Maine-et-Loire
49235,49730,Maine-et-Loire
49236,49560,Maine-et-Loire
49237,49490,Maine-et-Loire
49240,49360,Maine-et-Loire
49241,49124,Maine-et-Loire
49244,49110,Maine-et-Loire
49244,49290,Maine-et-Loire
49244,49290,Maine-et-Loire
49244,49410,Maine-et-Loire
49244,49410,Maine-et-Loire
49244,49410,Maine-et-Loire
49244,49410,Maine-et-Loire
49244,49410,Maine-et-Loire
49244,49410,Maine-et-Loire
49244,49570,Maine-et-Loire
49244,49620,Maine-et-Loire
49246,49130,Maine-et-Loire
49246,49130,Maine-et-Loire
49247,49170,Maine-et-Loire
49248,49420,Maine-et-Loire
49248,49420,Maine-et-Loire
49248,49420,Maine-et-Loire
49248,49420,Maine-et-Loire
49248,49420,Maine-et-Loire
49248,49420,Maine-et-Loire
49248,49520,Maine-et-Loire
49248,49520,Maine-et-Loire
49248,49520,Maine-et-Loire
49248,49520,Maine-et-Loire
49248,49520,Maine-et-Loire
49253,49260,Maine-et-Loire
49257,49430,Maine-et-Loire
49259,49190,Maine-et-Loire
49260,49740,Maine-et-Loire
49261,49160,Maine-et-Loire
49261,49320,Maine-et-Loire
49261,49350,Maine-et-Loire
49261,49350,Maine-et-Loire
49261,49350,Maine-et-Loire
49261,49350,Maine-et-Loire
49261,49350,Maine-et-Loire
49261,49350,Maine-et-Loire
49262,49400,Maine-et-Loire
49266,49170,Maine-et-Loire
49267,49124,Maine-et-Loire
49269,49280,Maine-et-Loire
49271,49370,Maine-et-Loire
49272,49350,Maine-et-Loire
49278,49130,Maine-et-Loire
49283,49170,Maine-et-Loire
49284,49170,Maine-et-Loire
49288,49130,Maine-et-Loire
49291,49260,Maine-et-Loire
49292,49190,Maine-et-Loire
49292,49750,Maine-et-Loire
49294,49070,Maine-et-Loire
49298,49070,Maine-et-Loire
49298,49170,Maine-et-Loire
49299,49280,Maine-et-Loire
49301,49230,Maine-et-Loire
49301,49230,Maine-et-Loire
49301,49230,Maine-et-Loire
49301,49230,Maine-et-Loire
49301,49450,Maine-et-Loire
49301,49450,Maine-et-Loire
49301,49450,Maine-et-Loire
49301,49450,Maine-et-Loire
49301,49660,Maine-et-Loire
49301,49710,Maine-et-Loire
49302,49260,Maine-et-Loire
49306,49170,Maine-et-Loire
49307,49140,Maine-et-Loire
49307,49250,Maine-et-Loire
49307,49630,Maine-et-Loire
49307,49800,Maine-et-Loire
49307,49800,Maine-et-Loire
49307,49800,Maine-et-Loire
49307,49800,Maine-et-Loire
49308,49610,Maine-et-Loire
49310,49310,Maine-et-Loire
49311,49160,Maine-et-Loire
49323,49112,Maine-et-Loire
49323,49480,Maine-et-Loire
49326,49800,Maine-et-Loire
49328,49400,Maine-et-Loire
49328,49400,Maine-et-Loire
49328,49400,Maine-et-Loire
49328,49400,Maine-et-Loire
49328,49400,Maine-et-Loire
49329,49170,Maine-et-Loire
49329,49170,Maine-et-Loire
49330,49330,Maine-et-Loire
49331,49500,Maine-et-Loire
49331,49500,Maine-et-Loire
49331,49500,Maine-et-Loire
49331,49500,Maine-et-Loire
49331,49500,Maine-et-Loire
49331,49500,Maine-et-Loire
49331,49500,Maine-et-Loire
49331,49500,Maine-et-Loire
49331,49500,Maine-et-Loire
49331,49500,Maine-et-Loire
49331,49500,Maine-et-Loire
49331,49500,Maine-et-Loire
49331,49520,Maine-et-Loire
49331,49520,Maine-et-Loire
49331,49520,Maine-et-Loire
49332,49280,Maine-et-Loire
49333,49140,Maine-et-Loire
49333,49140,Maine-et-Loire
49334,49140,Maine-et-Loire
49336,49360,Maine-et-Loire
49338,49610,Maine-et-Loire
49339,49460,Maine-et-Loire
49341,49400,Maine-et-Loire
49343,49280,Maine-et-Loire
49344,49220,Maine-et-Loire
49345,49380,Maine-et-Loire
49345,49380,Maine-et-Loire
49345,49380,Maine-et-Loire
49345,49380,Maine-et-Loire
49345,49750,Maine-et-Loire
49347,49125,Maine-et-Loire
49352,49360,Maine-et-Loire
49353,49800,Maine-et-Loire
49355,49340,Maine-et-Loire
49358,49730,Maine-et-Loire
49359,49700,Maine-et-Loire
49361,49730,Maine-et-Loire
49362,49400,Maine-et-Loire
49364,49260,Maine-et-Loire
49367,49220,Maine-et-Loire
49367,49220,Maine-et-Loire
49367,49220,Maine-et-Loire
49367,49370,Maine-et-Loire
49368,49390,Maine-et-Loire
49369,49390,Maine-et-Loire
49370,49400,Maine-et-Loire
49371,49340,Maine-et-Loire
49373,49310,Maine-et-Loire
49373,49310,Maine-et-Loire
49373,49310,Maine-et-Loire
49373,49310,Maine-et-Loire
49373,49310,Maine-et-Loire
49373,49310,Maine-et-Loire
49373,49540,Maine-et-Loire
49373,49540,Maine-et-Loire
49373,49560,Maine-et-Loire
49374,49400,Maine-et-Loire
49377,49140,Maine-et-Loire
49377,49140,Maine-et-Loire
49378,49680,Maine-et-Loire
49381,49360,Maine-et-Loire
53001,53940,Mayenne
53002,53240,Mayenne
53003,53300,Mayenne
53003,53300,Mayenne
53005,53240,Mayenne
53007,53210,Mayenne
53008,53440,Mayenne
53009,53170,Mayenne
53010,53600,Mayenne
53011,53230,Mayenne
53012,53400,Mayenne
53013,53700,Mayenne
53015,53240,Mayenne
53016,53160,Mayenne
53017,53340,Mayenne
53017,53340,Mayenne
53018,53350,Mayenne
53019,53340,Mayenne
53021,53440,Mayenne
53022,53170,Mayenne
53023,53470,Mayenne
53025,53170,Mayenne
53026,53320,Mayenne
53027,53290,Mayenne
53028,53440,Mayenne
53029,53290,Mayenne
53029,53290,Mayenne
53029,53290,Mayenne
53029,53290,Mayenne
53030,53170,Mayenne
53031,53240,Mayenne
53033,53800,Mayenne
53034,53960,Mayenne
53035,53800,Mayenne
53036,53290,Mayenne
53037,53290,Mayenne
53038,53370,Mayenne
53039,53410,Mayenne
53040,53410,Mayenne
53041,53350,Mayenne
53042,53120,Mayenne
53043,53150,Mayenne
53045,53410,Mayenne
53046,53170,Mayenne
53047,53120,Mayenne
53048,53420,Mayenne
53049,53470,Mayenne
53051,53640,Mayenne
53052,53370,Mayenne
53053,53160,Mayenne
53054,53810,Mayenne
53055,53300,Mayenne
53056,53950,Mayenne
53057,53440,Mayenne
53058,53230,Mayenne
53059,53150,Mayenne
53061,53250,Mayenne
53062,53200,Mayenne
53062,53200,Mayenne
53062,53200,Mayenne
53062,53200,Mayenne
53063,53200,Mayenne
53064,53100,Mayenne
53066,53200,Mayenne
53067,53340,Mayenne
53068,53400,Mayenne
53069,53250,Mayenne
53071,53120,Mayenne
53072,53470,Mayenne
53073,53800,Mayenne
53074,53100,Mayenne
53075,53230,Mayenne
53076,53340,Mayenne
53077,53230,Mayenne
53078,53200,Mayenne
53079,53300,Mayenne
53079,53300,Mayenne
53080,53250,Mayenne
53082,53230,Mayenne
53083,53700,Mayenne
53084,53400,Mayenne
53085,53700,Mayenne
53086,53380,Mayenne
53087,53170,Mayenne
53088,53540,Mayenne
53089,53200,Mayenne
53090,53400,Mayenne
53091,53190,Mayenne
53093,53190,Mayenne
53094,53260,Mayenne
53096,53500,Mayenne
53097,53150,Mayenne
53097,53600,Mayenne
53097,53600,Mayenne
53098,53350,Mayenne
53099,53260,Mayenne
53100,53190,Mayenne
53101,53200,Mayenne
53102,53540,Mayenne
53103,53940,Mayenne
53103,53940,Mayenne
53104,53200,Mayenne
53104,53200,Mayenne
53105,53150,Mayenne
53106,53370,Mayenne
53107,53120,Mayenne
53108,53410,Mayenne
53109,53440,Mayenne
53110,53290,Mayenne
53111,53300,Mayenne
53112,53250,Mayenne
53113,53160,Mayenne
53114,53640,Mayenne
53115,53120,Mayenne
53116,53640,Mayenne
53117,53360,Mayenne
53118,53110,Mayenne
53118,53110,Mayenne
53119,53970,Mayenne
53120,53160,Mayenne
53121,53250,Mayenne
53121,53250,Mayenne
53122,53160,Mayenne
53123,53380,Mayenne
53124,53200,Mayenne
53124,53200,Mayenne
53125,53190,Mayenne
53126,53220,Mayenne
53127,53110,Mayenne
53127,53110,Mayenne
53127,53110,Mayenne
53127,53110,Mayenne
53128,53540,Mayenne
53129,53410,Mayenne
53130,53000,Mayenne
53131,53120,Mayenne
53132,53120,Mayenne
53133,53140,Mayenne
53133,53140,Mayenne
53134,53150,Mayenne
53135,53400,Mayenne
53136,53200,Mayenne
53136,53360,Mayenne
53137,53320,Mayenne
53137,53320,Mayenne
53139,53700,Mayenne
53140,53950,Mayenne
53141,53210,Mayenne
53142,53250,Mayenne
53143,53170,Mayenne
53144,53440,Mayenne
53145,53200,Mayenne
53146,53470,Mayenne
53147,53100,Mayenne
53148,53400,Mayenne
53150,53200,Mayenne
53151,53230,Mayenne
53152,53170,Mayenne
53153,53600,Mayenne
53154,53220,Mayenne
53155,53500,Mayenne
53156,53240,Mayenne
53157,53970,Mayenne
53158,53320,Mayenne
53160,53640,Mayenne
53160,53640,Mayenne
53161,53150,Mayenne
53161,53150,Mayenne
53161,53150,Mayenne
53161,53150,Mayenne
53161,53150,Mayenne
53162,53100,Mayenne
53163,53150,Mayenne
53164,53250,Mayenne
53165,53400,Mayenne
53168,53970,Mayenne
53169,53410,Mayenne
53170,53300,Mayenne
53172,53360,Mayenne
53173,53140,Mayenne
53174,53100,Mayenne
53175,53260,Mayenne
53176,53300,Mayenne
53177,53220,Mayenne
53178,53360,Mayenne
53179,53240,Mayenne
53180,53400,Mayenne
53181,53220,Mayenne
53182,53410,Mayenne
53184,53340,Mayenne
53185,53140,Mayenne
53185,53140,Mayenne
53186,53360,Mayenne
53186,53360,Mayenne
53187,53370,Mayenne
53188,53800,Mayenne
53189,53110,Mayenne
53190,53640,Mayenne
53191,53350,Mayenne
53192,53390,Mayenne
53193,53170,Mayenne
53195,53470,Mayenne
53196,53250,Mayenne
53197,53390,Mayenne
53198,53700,Mayenne
53199,53120,Mayenne
53200,53100,Mayenne
53201,53940,Mayenne
53202,53220,Mayenne
53203,53290,Mayenne
53204,53140,Mayenne
53206,53170,Mayenne
53208,53140,Mayenne
53209,53320,Mayenne
53210,53290,Mayenne
53211,53500,Mayenne
53212,53170,Mayenne
53213,53220,Mayenne
53214,53390,Mayenne
53216,53300,Mayenne
53218,53600,Mayenne
53219,53100,Mayenne
53219,53100,Mayenne
53220,53480,Mayenne
53221,53600,Mayenne
53222,53240,Mayenne
53223,53700,Mayenne
53224,53240,Mayenne
53225,53240,Mayenne
53226,53380,Mayenne
53228,53270,Mayenne
53228,53270,Mayenne
53229,53240,Mayenne
53230,53110,Mayenne
53232,53480,Mayenne
53233,53290,Mayenne
53234,53300,Mayenne
53235,53110,Mayenne
53236,53700,Mayenne
53237,53300,Mayenne
53238,53220,Mayenne
53240,53800,Mayenne
53242,53350,Mayenne
53243,53410,Mayenne
53245,53500,Mayenne
53246,53370,Mayenne
53247,53410,Mayenne
53248,53270,Mayenne
53249,53160,Mayenne
53249,53160,Mayenne
53249,53160,Mayenne
53250,53540,Mayenne
53251,53400,Mayenne
53253,53800,Mayenne
53255,53270,Mayenne
53255,53270,Mayenne
53256,53160,Mayenne
53257,53340,Mayenne
53258,53800,Mayenne
53259,53390,Mayenne
53260,53360,Mayenne
53261,53300,Mayenne
53262,53210,Mayenne
53262,53210,Mayenne
53263,53110,Mayenne
53264,53270,Mayenne
53265,53270,Mayenne
53265,53270,Mayenne
53266,53160,Mayenne
53267,53480,Mayenne
53269,53500,Mayenne
53270,53120,Mayenne
53271,53700,Mayenne
53272,53250,Mayenne
53273,53170,Mayenne
53276,53600,Mayenne
72001,72650,Sarthe
72002,72600,Sarthe
72003,72700,Sarthe
72004,72540,Sarthe
72005,72610,Sarthe
72006,72610,Sarthe
72007,72370,Sarthe
72008,72230,Sarthe
72009,72270,Sarthe
72010,72430,Sarthe
72011,72130,Sarthe
72012,72170,Sarthe
72013,72800,Sarthe
72015,72600,Sarthe
72016,72300,Sarthe
72017,72540,Sarthe
72018,72260,Sarthe
72019,72350,Sarthe
72020,72400,Sarthe
72021,72430,Sarthe
72022,72200,Sarthe
72023,72290,Sarthe
72023,72290,Sarthe
72024,72650,Sarthe
72025,72200,Sarthe
72025,72200,Sarthe
72026,72110,Sarthe
72027,72340,Sarthe
72028,72500,Sarthe
72029,72170,Sarthe
72031,72160,Sarthe
72032,72320,Sarthe
72034,72610,Sarthe
72035,72310,Sarthe
72036,72610,Sarthe
72037,72600,Sarthe
72038,72400,Sarthe
72039,72110,Sarthe
72040,72400,Sarthe
72041,72390,Sarthe
72042,72440,Sarthe
72043,72610,Sarthe
72044,72270,Sarthe
72045,72550,Sarthe
72046,72370,Sarthe
72047,72250,Sarthe
72048,72110,Sarthe
72049,72500,Sarthe
72050,72350,Sarthe
72051,72330,Sarthe
72052,72340,Sarthe
72053,72250,Sarthe
72054,72470,Sarthe
72056,72610,Sarthe
72057,72320,Sarthe
72058,72560,Sarthe
72059,72430,Sarthe
72060,72800,Sarthe
72061,72300,Sarthe
72062,72400,Sarthe
72064,72310,Sarthe
72065,72650,Sarthe
72066,72240,Sarthe
72067,72160,Sarthe
72068,72340,Sarthe
72070,72540,Sarthe
72071,72500,Sarthe
72071,72500,Sarthe
72071,72500,Sarthe
72071,72500,Sarthe
72072,72510,Sarthe
72073,72550,Sarthe
72074,72540,Sarthe
72075,72210,Sarthe
72076,72610,Sarthe
72077,72500,Sarthe
72078,72170,Sarthe
72079,72610,Sarthe
72080,72400,Sarthe
72080,72400,Sarthe
72083,72350,Sarthe
72084,72200,Sarthe
72085,72310,Sarthe
72086,72600,Sarthe
72087,72120,Sarthe
72088,72290,Sarthe
72089,72240,Sarthe
72090,72160,Sarthe
72091,72600,Sarthe
72093,72400,Sarthe
72094,72440,Sarthe
72095,72190,Sarthe
72096,72550,Sarthe
72098,72800,Sarthe
72099,72290,Sarthe
72100,72270,Sarthe
72101,72110,Sarthe
72102,72110,Sarthe
72103,72150,Sarthe
72103,72150,Sarthe
72104,72260,Sarthe
72105,72320,Sarthe
72106,72300,Sarthe
72107,72540,Sarthe
72109,72140,Sarthe
72110,72200,Sarthe
72111,72240,Sarthe
72112,72260,Sarthe
72113,72550,Sarthe
72114,72400,Sarthe
72115,72500,Sarthe
72118,72390,Sarthe
72119,72240,Sarthe
72120,72170,Sarthe
72121,72130,Sarthe
72122,72160,Sarthe
72123,72270,Sarthe
72124,72220,Sarthe
72125,72120,Sarthe
72126,72540,Sarthe
72127,72700,Sarthe
72128,72120,Sarthe
72128,72120,Sarthe
72129,72470,Sarthe
72130,72550,Sarthe
72131,72430,Sarthe
72132,72400,Sarthe
72133,72210,Sarthe
72134,72500,Sarthe
72135,72330,Sarthe
72136,72350,Sarthe
72137,72600,Sarthe
72137,72600,Sarthe
72137,72600,Sarthe
72137,72600,Sarthe
72137,72610,Sarthe
72137,72610,Sarthe
72137,72610,Sarthe
72138,72130,Sarthe
72138,72130,Sarthe
72138,72130,Sarthe
72138,72130,Sarthe
72139,72610,Sarthe
72141,72130,Sarthe
72142,72610,Sarthe
72143,72150,Sarthe
72144,72320,Sarthe
72145,72140,Sarthe
72146,72230,Sarthe
72147,72380,Sarthe
72148,72110,Sarthe
72149,72540,Sarthe
72150,72380,Sarthe
72151,72300,Sarthe
72152,72170,Sarthe
72153,72500,Sarthe
72154,72200,Sarthe
72155,72220,Sarthe
72155,72220,Sarthe
72156,72320,Sarthe
72157,72240,Sarthe
72158,72390,Sarthe
72160,72500,Sarthe
72161,72340,Sarthe
72163,72270,Sarthe
72164,72610,Sarthe
72165,72450,Sarthe
72166,72540,Sarthe
72167,72300,Sarthe
72168,72540,Sarthe
72169,72210,Sarthe
72170,72600,Sarthe
72171,72600,Sarthe
72172,72390,Sarthe
72173,72500,Sarthe
72174,72290,Sarthe
72175,72800,Sarthe
72176,72800,Sarthe
72176,72800,Sarthe
72177,72210,Sarthe
72178,72440,Sarthe
72179,72270,Sarthe
72180,72600,Sarthe
72181,72000,Sarthe
72181,72100,Sarthe
72182,72510,Sarthe
72183,72340,Sarthe
72184,72540,Sarthe
72185,72200,Sarthe
72186,72170,Sarthe
72187,72220,Sarthe
72188,72600,Sarthe
72189,72260,Sarthe
72189,72260,Sarthe
72190,72120,Sarthe
72191,72360,Sarthe
72192,72260,Sarthe
72193,72320,Sarthe
72194,72170,Sarthe
72195,72270,Sarthe
72196,72290,Sarthe
72197,72240,Sarthe
72198,72650,Sarthe
72199,72170,Sarthe
72199,72170,Sarthe
72200,72230,Sarthe
72201,72260,Sarthe
72202,72260,Sarthe
72204,72120,Sarthe
72205,72380,Sarthe
72208,72320,Sarthe
72209,72130,Sarthe
72210,72150,Sarthe
72211,72140,Sarthe
72212,72130,Sarthe
72213,72230,Sarthe
72214,72260,Sarthe
72215,72600,Sarthe
72216,72240,Sarthe
72217,72190,Sarthe
72218,72140,Sarthe
72219,72240,Sarthe
72219,72240,Sarthe
72220,72110,Sarthe
72221,72500,Sarthe
72222,72260,Sarthe
72223,72430,Sarthe
72224,72370,Sarthe
72225,72610,Sarthe
72226,72330,Sarthe
72227,72600,Sarthe
72228,72300,Sarthe
72229,72140,Sarthe
72230,72330,Sarthe
72231,72250,Sarthe
72232,72300,Sarthe
72233,72260,Sarthe
72234,72140,Sarthe
72235,72170,Sarthe
72236,72300,Sarthe
72237,72430,Sarthe
72238,72600,Sarthe
72239,72350,Sarthe
72241,72450,Sarthe
72243,72510,Sarthe
72244,72300,Sarthe
72245,72400,Sarthe
72246,72110,Sarthe
72247,72700,Sarthe
72248,72150,Sarthe
72249,72550,Sarthe
72250,72120,Sarthe
72251,72260,Sarthe
72252,72510,Sarthe
72253,72210,Sarthe
72254,72610,Sarthe
72255,72140,Sarthe
72256,72140,Sarthe
72257,72700,Sarthe
72259,72110,Sarthe
72260,72230,Sarthe
72261,72240,Sarthe
72262,72310,Sarthe
72262,72310,Sarthe
72262,72340,Sarthe
72262,72340,Sarthe
72262,72340,Sarthe
72264,72300,Sarthe
72265,72110,Sarthe
72266,72130,Sarthe
72267,72400,Sarthe
72268,72220,Sarthe
72269,72120,Sarthe
72270,72600,Sarthe
72271,72110,Sarthe
72272,72120,Sarthe
72273,72170,Sarthe
72274,72540,Sarthe
72275,72460,Sarthe
72276,72110,Sarthe
72277,72110,Sarthe
72278,72350,Sarthe
72279,72150,Sarthe
72280,72700,Sarthe
72281,72110,Sarthe
72282,72130,Sarthe
72283,72800,Sarthe
72286,72120,Sarthe
72289,72380,Sarthe
72289,72380,Sarthe
72290,72380,Sarthe
72291,72510,Sarthe
72292,72320,Sarthe
72293,72430,Sarthe
72294,72130,Sarthe
72295,72600,Sarthe
72296,72320,Sarthe
72297,72170,Sarthe
72299,72220,Sarthe
72300,72470,Sarthe
72302,72400,Sarthe
72303,72440,Sarthe
72305,72130,Sarthe
72306,72220,Sarthe
72307,72350,Sarthe
72308,72610,Sarthe
72308,72610,Sarthe
72309,72130,Sarthe
72310,72190,Sarthe
72311,72500,Sarthe
72312,72430,Sarthe
72313,72600,Sarthe
72314,72150,Sarthe
72315,72140,Sarthe
72316,72600,Sarthe
72317,72600,Sarthe
72319,72380,Sarthe
72320,72650,Sarthe
72321,72240,Sarthe
72322,72320,Sarthe
72323,72130,Sarthe
72324,72600,Sarthe
72325,72150,Sarthe
72326,72600,Sarthe
72327,72360,Sarthe
72328,72190,Sarthe
72329,72460,Sarthe
72330,72800,Sarthe
72331,72160,Sarthe
72332,72170,Sarthe
72333,72390,Sarthe
72334,72140,Sarthe
72335,72460,Sarthe
72336,72300,Sarthe
72337,72130,Sarthe
72338,72380,Sarthe
72339,72210,Sarthe
72340,72290,Sarthe
72341,72370,Sarthe
72342,72400,Sarthe
72343,72300,Sarthe
72344,72700,Sarthe
72345,72370,Sarthe
72346,72210,Sarthe
72347,72430,Sarthe
72348,72540,Sarthe
72349,72290,Sarthe
72350,72220,Sarthe
72351,72240,Sarthe
72352,72110,Sarthe
72353,72320,Sarthe
72354,72260,Sarthe
72355,72610,Sarthe
72356,72500,Sarthe
72357,72800,Sarthe
72358,72160,Sarthe
72359,72110,Sarthe
72360,72650,Sarthe
72361,72440,Sarthe
72362,72170,Sarthe
72363,72160,Sarthe
72363,72160,Sarthe
72364,72500,Sarthe
72366,72320,Sarthe
72367,72540,Sarthe
72368,72310,Sarthe
72369,72360,Sarthe
72370,72170,Sarthe
72372,72600,Sarthe
72373,72320,Sarthe
72374,72600,Sarthe
72375,72400,Sarthe
72376,72150,Sarthe
72377,72270,Sarthe
72378,72300,Sarthe
72379,72350,Sarthe
72380,72170,Sarthe
72381,72210,Sarthe
72382,72440,Sarthe
72382,72440,Sarthe
72383,72160,Sarthe
72385,72330,Sarthe
72386,72530,Sarthe
85001,85460,Vendée
85001,85460,Vendée
85002,85220,Vendée
85003,85190,Vendée
85004,85750,Vendée
85005,85120,Vendée
85006,85220,Vendée
85008,85430,Vendée
85008,85430,Vendée
85009,85200,Vendée
85009,85200,Vendée
85010,85440,Vendée
85011,85630,Vendée
85012,85550,Vendée
85012,85550,Vendée
85013,85130,Vendée
85014,85390,Vendée
85015,85170,Vendée
85016,85190,Vendée
85017,85500,Vendée
85018,85230,Vendée
85019,85170,Vendée
85019,85170,Vendée
85020,85490,Vendée
85020,85490,Vendée
85020,85490,Vendée
85022,85560,Vendée
85023,85320,Vendée
85024,85710,Vendée
85025,85600,Vendée
85026,85430,Vendée
85028,85420,Vendée
85029,85230,Vendée
85031,85510,Vendée
85033,85200,Vendée
85034,85480,Vendée
85034,85480,Vendée
85035,85470,Vendée
85036,85320,Vendée
85036,85320,Vendée
85038,85260,Vendée
85039,85530,Vendée
85040,85410,Vendée
85040,85410,Vendée
85042,85450,Vendée
85042,85450,Vendée
85042,85450,Vendée
85045,85220,Vendée
85046,85310,Vendée
85046,85310,Vendée
85047,85300,Vendée
85049,85450,Vendée
85050,85540,Vendée
85051,85110,Vendée
85051,85110,Vendée
85054,85220,Vendée
85055,85670,Vendée
85056,85210,Vendée
85058,85400,Vendée
85059,85120,Vendée
85061,85320,Vendée
85062,85710,Vendée
85064,85140,Vendée
85065,85250,Vendée
85066,85390,Vendée
85067,85390,Vendée
85070,85220,Vendée
85071,85220,Vendée
85072,85260,Vendée
85073,85320,Vendée
85074,85320,Vendée
85076,85610,Vendée
85076,85610,Vendée
85077,85540,Vendée
85078,85420,Vendée
85080,85200,Vendée
85080,85200,Vendée
85081,85170,Vendée
85082,85590,Vendée
85083,85740,Vendée
85084,85140,Vendée
85084,85140,Vendée
85086,85670,Vendée
85087,85240,Vendée
85088,85800,Vendée
85089,85280,Vendée
85090,85700,Vendée
85090,85700,Vendée
85090,85700,Vendée
85090,85700,Vendée
85092,85200,Vendée
85092,85200,Vendée
85093,85480,Vendée
85094,85240,Vendée
85095,85300,Vendée
85096,85710,Vendée
85097,85130,Vendée
85098,85190,Vendée
85099,85150,Vendée
85100,85800,Vendée
85101,85540,Vendée
85102,85670,Vendée
85103,85440,Vendée
85104,85580,Vendée
85105,85770,Vendée
85106,85680,Vendée
85108,85260,Vendée
85109,85500,Vendée
85110,85570,Vendée
85111,85770,Vendée
85112,85340,Vendée
85113,85350,Vendée
85113,85350,Vendée
85114,85520,Vendée
85115,85110,Vendée
85116,85540,Vendée
85117,85400,Vendée
85118,85150,Vendée
85119,85130,Vendée
85120,85220,Vendée
85121,85370,Vendée
85123,85420,Vendée
85125,85120,Vendée
85126,85200,Vendée
85127,85560,Vendée
85128,85400,Vendée
85129,85170,Vendée
85130,85190,Vendée
85131,85400,Vendée
85132,85420,Vendée
85133,85420,Vendée
85134,85590,Vendée
85135,85320,Vendée
85135,85320,Vendée
85136,85240,Vendée
85137,85570,Vendée
85138,85150,Vendée
85139,85420,Vendée
85140,85700,Vendée
85141,85700,Vendée
85142,85140,Vendée
85143,85200,Vendée
85144,85500,Vendée
85145,85110,Vendée
85146,85600,Vendée
85146,85600,Vendée
85146,85600,Vendée
85146,85600,Vendée
85146,85600,Vendée
85147,85700,Vendée
85148,85200,Vendée
85149,85450,Vendée
85151,85290,Vendée
85152,85150,Vendée
85152,85150,Vendée
85153,85640,Vendée
85154,85390,Vendée
85154,85390,Vendée
85155,85000,Vendée
85156,85540,Vendée
85157,85320,Vendée
85158,85370,Vendée
85159,85370,Vendée
85160,85310,Vendée
85161,85430,Vendée
85162,85240,Vendée
85162,85420,Vendée
85163,85330,Vendée
85164,85690,Vendée
85165,85140,Vendée
85167,85200,Vendée
85169,85670,Vendée
85171,85320,Vendée
85172,85300,Vendée
85174,85570,Vendée
85175,85320,Vendée
85176,85200,Vendée
85177,85770,Vendée
85177,85770,Vendée
85178,85170,Vendée
85179,85440,Vendée
85181,85570,Vendée
85182,85700,Vendée
85184,85240,Vendée
85185,85450,Vendée
85186,85250,Vendée
85187,85700,Vendée
85188,85210,Vendée
85189,85270,Vendée
85190,85620,Vendée
85191,85000,Vendée
85192,85510,Vendée
85193,85320,Vendée
85194,85100,Vendée
85194,85180,Vendée
85194,85340,Vendée
85196,85250,Vendée
85197,85260,Vendée
85197,85260,Vendée
85197,85260,Vendée
85198,85130,Vendée
85199,85210,Vendée
85200,85540,Vendée
85201,85540,Vendée
85202,85110,Vendée
85204,85670,Vendée
85205,85410,Vendée
85206,85540,Vendée
85207,85580,Vendée
85208,85170,Vendée
85209,85210,Vendée
85210,85670,Vendée
85211,85150,Vendée
85212,85140,Vendée
85213,85310,Vendée
85213,85310,Vendée
85214,85150,Vendée
85215,85250,Vendée
85216,85400,Vendée
85218,85150,Vendée
85220,85110,Vendée
85221,85230,Vendée
85222,85800,Vendée
85223,85210,Vendée
85223,85210,Vendée
85226,85270,Vendée
85226,85270,Vendée
85227,85240,Vendée
85229,85120,Vendée
85231,85440,Vendée
85232,85480,Vendée
85234,85160,Vendée
85235,85210,Vendée
85236,85150,Vendée
85237,85410,Vendée
85238,85290,Vendée
85239,85220,Vendée
85240,85590,Vendée
85242,85590,Vendée
85243,85470,Vendée
85243,85470,Vendée
85244,85200,Vendée
85245,85570,Vendée
85246,85140,Vendée
85247,85130,Vendée
85248,85210,Vendée
85250,85150,Vendée
85251,85120,Vendée
85252,85390,Vendée
85254,85700,Vendée
85255,85580,Vendée
85256,85200,Vendée
85259,85500,Vendée
85260,85670,Vendée
85261,85320,Vendée
85262,85660,Vendée
85264,85120,Vendée
85265,85420,Vendée
85266,85110,Vendée
85267,85450,Vendée
85268,85220,Vendée
85269,85420,Vendée
85273,85230,Vendée
85274,85570,Vendée
85276,85110,Vendée
85277,85540,Vendée
85277,85540,Vendée
85278,85520,Vendée
85280,85300,Vendée
85281,85200,Vendée
85282,85110,Vendée
85284,85300,Vendée
85285,85310,Vendée
85286,85450,Vendée
85287,85390,Vendée
85288,85440,Vendée
85288,85440,Vendée
85289,85120,Vendée
85289,85120,Vendée
85289,85120,Vendée
85290,85210,Vendée
85291,85480,Vendée
85292,85410,Vendée
85292,85410,Vendée
85292,85410,Vendée
85293,85130,Vendée
85294,85360,Vendée
85295,85600,Vendée
85296,85590,Vendée
85297,85580,Vendée
85298,85150,Vendée
85300,85190,Vendée
85301,85250,Vendée
85302,85130,Vendée
85302,85500,Vendée
85303,85770,Vendée
85304,85450,Vendée
85305,85120,Vendée
85306,85240,Vendée
