Unnamed: 0,#Code_commune_INSEE,Lib_MA,departement,Code_postal,Nom_de_la_commune_url,url
17928,44009,BASSE GOULAINE,44,44115,basse-goulaine,https://www.meilleursagents.com/prix-immobilier/basse-goulaine-44115/
17939,44020,BOUGUENAIS,44,44340,bouguenais,https://www.meilleursagents.com/prix-immobilier/bouguenais-44340/
17940,44020,LES COUETS,44,44340,les-couets,https://www.meilleursagents.com/prix-immobilier/les-couets-44340/
17957,44035,LA CHAPELLE SUR ERDRE,44,44240,la-chapelle-sur-erdre,https://www.meilleursagents.com/prix-immobilier/la-chapelle-sur-erdre-44240/
17974,44052,DONGES,44,44480,donges,https://www.meilleursagents.com/prix-immobilier/donges-44480/
17978,44056,FAY DE BRETAGNE,44,44130,fay-de-bretagne,https://www.meilleursagents.com/prix-immobilier/fay-de-bretagne-44130/
17986,44066,GRANDCHAMP DES FONTAINES,44,44119,grandchamp-des-fontaines,https://www.meilleursagents.com/prix-immobilier/grandchamp-des-fontaines-44119/
18000,44073,HERIC,44,44810,heric,https://www.meilleursagents.com/prix-immobilier/heric-44810/
18002,44074,BASSE INDRE,44,44610,basse-indre,https://www.meilleursagents.com/prix-immobilier/basse-indre-44610/
18022,44091,MARSAC SUR DON,44,44170,marsac-sur-don,https://www.meilleursagents.com/prix-immobilier/marsac-sur-don-44170/
18032,44101,LA MONTAGNE,44,44620,la-montagne,https://www.meilleursagents.com/prix-immobilier/la-montagne-44620/
18041,44109,NANTES,44,44100,nantes,https://www.meilleursagents.com/prix-immobilier/nantes-44100/
18042,44109,NANTES,44,44200,nantes,https://www.meilleursagents.com/prix-immobilier/nantes-44200/
18043,44109,NANTES,44,44300,nantes,https://www.meilleursagents.com/prix-immobilier/nantes-44300/
18044,44110,NORT SUR ERDRE,44,44390,nort-sur-erdre,https://www.meilleursagents.com/prix-immobilier/nort-sur-erdre-44390/
18048,44114,ORVAULT,44,44700,orvault,https://www.meilleursagents.com/prix-immobilier/orvault-44700/
18068,44130,PONT ST MARTIN,44,44860,pont-Saint-martin,https://www.meilleursagents.com/prix-immobilier/pont-saint-martin-44860/
18070,44131,PORNIC,44,44210,pornic,https://www.meilleursagents.com/prix-immobilier/pornic-44210/
18074,44133,PORT ST PERE,44,44710,port-Saint-pere,https://www.meilleursagents.com/prix-immobilier/port-saint-pere-44710/
18076,44135,LE POULIGUEN,44,44510,le-pouliguen,https://www.meilleursagents.com/prix-immobilier/le-pouliguen-44510/
18085,44143,PONT ROUSSEAU,44,44400,pont-rousseau,https://www.meilleursagents.com/prix-immobilier/pont-rousseau-44400/
18099,44155,PONT JAMES,44,44310,pont-james,https://www.meilleursagents.com/prix-immobilier/pont-james-44310/
18107,44162,ST HERBLAIN,44,44800,saint-herblain,https://www.meilleursagents.com/prix-immobilier/saint-herblain-44800/
18125,44180,FREIGNE,44,44540,freigne,https://www.meilleursagents.com/prix-immobilier/freigne-44540/
18130,44182,ST MICHEL CHEF CHEF,44,44730,saint-michel-chef-chef,https://www.meilleursagents.com/prix-immobilier/saint-michel-chef-chef-44730/
18134,44184,ST MARC SUR MER,44,44600,saint-marc-sur-mer,https://www.meilleursagents.com/prix-immobilier/saint-marc-sur-mer-44600/
18140,44190,ST SEBASTIEN SUR LOIRE,44,44230,saint-sebastien-sur-loire,https://www.meilleursagents.com/prix-immobilier/saint-sebastien-sur-loire-44230/
18143,44194,SAUTRON,44,44880,sautron,https://www.meilleursagents.com/prix-immobilier/sautron-44880/
18158,44209,TREILLIERES,44,44119,treillieres,https://www.meilleursagents.com/prix-immobilier/treillieres-44119/
18162,44212,VALLET,44,44330,vallet,https://www.meilleursagents.com/prix-immobilier/vallet-44330/
18164,44213,LA CHAPELLE ST SAUVEUR,44,44370,la-chapelle-Saint-sauveur,https://www.meilleursagents.com/prix-immobilier/la-chapelle-saint-sauveur-44370/
18168,44215,VERTOU,44,44120,vertou,https://www.meilleursagents.com/prix-immobilier/vertou-44120/
19399,49007,ANGERS,49,49100,angers,https://www.meilleursagents.com/prix-immobilier/angers-49100/
19440,49029,GOHIER,49,49320,gohier,https://www.meilleursagents.com/prix-immobilier/gohier-49320/
19451,49050,CHARCE ST ELLIER SUR AUBANCE,49,49320,charce-Saint-ellier-sur-aubance,https://www.meilleursagents.com/prix-immobilier/charce-saint-ellier-sur-aubance-49320/
19470,49063,CHALONNES SUR LOIRE,49,49290,chalonnes-sur-loire,https://www.meilleursagents.com/prix-immobilier/chalonnes-sur-loire-49290/
19476,49076,LA CHAPELLE ST LAUD,49,49140,la-chapelle-Saint-laud,https://www.meilleursagents.com/prix-immobilier/la-chapelle-saint-laud-49140/
19491,49092,CHEMILLE MELAY,49,49120,chemille-melay,https://www.meilleursagents.com/prix-immobilier/chemille-melay-49120/
19503,49092,JOUE ETIAU,49,49670,joue-etiau,https://www.meilleursagents.com/prix-immobilier/joue-etiau-49670/
19507,49099,LE PUY ST BONNET,49,49300,le-puy-Saint-bonnet,https://www.meilleursagents.com/prix-immobilier/le-puy-saint-bonnet-49300/
19584,49214,MONTREUIL JUIGNE,49,49460,montreuil-juigne,https://www.meilleursagents.com/prix-immobilier/montreuil-juigne-49460/
19585,49214,JUIGNE BENE,49,49460,juigne-bene,https://www.meilleursagents.com/prix-immobilier/juigne-bene-49460/
19633,49244,LA CHAPELLE ST FLORENT,49,49410,la-chapelle-Saint-florent,https://www.meilleursagents.com/prix-immobilier/la-chapelle-saint-florent-49410/
19660,49261,CHENEHUTTE LES TUFFEAUX,49,49350,chenehutte-les-tuffeaux,https://www.meilleursagents.com/prix-immobilier/chenehutte-les-tuffeaux-49350/
19668,49267,ST BARTHELEMY D ANJOU,49,49124,saint-barthelemy-d-anjou,https://www.meilleursagents.com/prix-immobilier/saint-barthelemy-d-anjou-49124/
19711,49328,ST HILAIRE ST FLORENT,49,49400,saint-hilaire-Saint-florent,https://www.meilleursagents.com/prix-immobilier/saint-hilaire-saint-florent-49400/
19748,49353,TRELAZE,49,49800,trelaze,https://www.meilleursagents.com/prix-immobilier/trelaze-49800/
19764,49373,LE VOIDE,49,49310,le-voide,https://www.meilleursagents.com/prix-immobilier/le-voide-49310/
21707,53103,LE GENEST ST ISLE,53,53940,le-genest-Saint-isle,https://www.meilleursagents.com/prix-immobilier/le-genest-saint-isle-53940/
21726,53119,L HUISSERIE,53,53970,l-huisserie,https://www.meilleursagents.com/prix-immobilier/l-huisserie-53970/
21742,53130,LAVAL,53,53000,laval,https://www.meilleursagents.com/prix-immobilier/laval-53000/
21800,53186,QUELAINES ST GAULT,53,53360,quelaines-Saint-gault,https://www.meilleursagents.com/prix-immobilier/quelaines-saint-gault-53360/
21802,53187,RAVIGNY,53,53370,ravigny,https://www.meilleursagents.com/prix-immobilier/ravigny-53370/
31627,72065,LA CHAPELLE ST AUBIN,72,72650,la-chapelle-Saint-aubin,https://www.meilleursagents.com/prix-immobilier/la-chapelle-saint-aubin-72650/
31628,72066,LA CHAPELLE ST FRAY,72,72240,la-chapelle-Saint-fray,https://www.meilleursagents.com/prix-immobilier/la-chapelle-saint-fray-72240/
31629,72067,LA CHAPELLE ST REMY,72,72160,la-chapelle-Saint-remy,https://www.meilleursagents.com/prix-immobilier/la-chapelle-saint-remy-72160/
31695,72135,LA FONTAINE ST MARTIN,72,72330,la-fontaine-Saint-martin,https://www.meilleursagents.com/prix-immobilier/la-fontaine-saint-martin-72330/
31733,72166,LONGNES,72,72540,longnes,https://www.meilleursagents.com/prix-immobilier/longnes-72540/
31734,72167,LOUAILLES,72,72300,louailles,https://www.meilleursagents.com/prix-immobilier/louailles-72300/
31735,72168,LOUE,72,72540,loue,https://www.meilleursagents.com/prix-immobilier/loue-72540/
31736,72169,LOUPLANDE,72,72210,louplande,https://www.meilleursagents.com/prix-immobilier/louplande-72210/
31737,72170,LOUVIGNY,72,72600,louvigny,https://www.meilleursagents.com/prix-immobilier/louvigny-72600/
31738,72171,LOUZES,72,72600,louzes,https://www.meilleursagents.com/prix-immobilier/louzes-72600/
31739,72172,LE LUART,72,72390,le-luart,https://www.meilleursagents.com/prix-immobilier/le-luart-72390/
31740,72173,LUCEAU,72,72500,luceau,https://www.meilleursagents.com/prix-immobilier/luceau-72500/
31741,72174,LUCE SOUS BALLON,72,72290,luce-sous-ballon,https://www.meilleursagents.com/prix-immobilier/luce-sous-ballon-72290/
31742,72175,LUCHE PRINGE,72,72800,luche-pringe,https://www.meilleursagents.com/prix-immobilier/luche-pringe-72800/
31743,72176,LE LUDE,72,72800,le-lude,https://www.meilleursagents.com/prix-immobilier/le-lude-72800/
31744,72176,DISSE SOUS LE LUDE,72,72800,disse-sous-le-lude,https://www.meilleursagents.com/prix-immobilier/disse-sous-le-lude-72800/
31745,72177,MAIGNE,72,72210,maigne,https://www.meilleursagents.com/prix-immobilier/maigne-72210/
31746,72178,MAISONCELLES,72,72440,maisoncelles,https://www.meilleursagents.com/prix-immobilier/maisoncelles-72440/
31747,72179,MALICORNE SUR SARTHE,72,72270,malicorne-sur-sarthe,https://www.meilleursagents.com/prix-immobilier/malicorne-sur-sarthe-72270/
31748,72180,MAMERS,72,72600,mamers,https://www.meilleursagents.com/prix-immobilier/mamers-72600/
31749,72181,LE MANS,72,72000,le-mans,https://www.meilleursagents.com/prix-immobilier/le-mans-72000/
31750,72181,LE MANS,72,72100,le-mans,https://www.meilleursagents.com/prix-immobilier/le-mans-72100/
31751,72182,MANSIGNE,72,72510,mansigne,https://www.meilleursagents.com/prix-immobilier/mansigne-72510/
31752,72183,MARCON,72,72340,marcon,https://www.meilleursagents.com/prix-immobilier/marcon-72340/
31753,72184,MAREIL EN CHAMPAGNE,72,72540,mareil-en-champagne,https://www.meilleursagents.com/prix-immobilier/mareil-en-champagne-72540/
31754,72185,MAREIL SUR LOIR,72,72200,mareil-sur-loir,https://www.meilleursagents.com/prix-immobilier/mareil-sur-loir-72200/
31755,72186,MARESCHE,72,72170,maresche,https://www.meilleursagents.com/prix-immobilier/maresche-72170/
31756,72187,MARIGNE LAILLE,72,72220,marigne-laille,https://www.meilleursagents.com/prix-immobilier/marigne-laille-72220/
31757,72188,MAROLLETTE,72,72600,marollette,https://www.meilleursagents.com/prix-immobilier/marollette-72600/
31758,72189,MAROLLES LES BRAULTS,72,72260,marolles-les-braults,https://www.meilleursagents.com/prix-immobilier/marolles-les-braults-72260/
31759,72189,DISSE SOUS BALLON,72,72260,disse-sous-ballon,https://www.meilleursagents.com/prix-immobilier/disse-sous-ballon-72260/
31760,72190,MAROLLES LES ST CALAIS,72,72120,marolles-les-Saint-calais,https://www.meilleursagents.com/prix-immobilier/marolles-les-saint-calais-72120/
31761,72191,MAYET,72,72360,mayet,https://www.meilleursagents.com/prix-immobilier/mayet-72360/
31762,72192,LES MEES,72,72260,les-mees,https://www.meilleursagents.com/prix-immobilier/les-mees-72260/
31763,72193,MELLERAY,72,72320,melleray,https://www.meilleursagents.com/prix-immobilier/melleray-72320/
31764,72194,MEURCE,72,72170,meurce,https://www.meilleursagents.com/prix-immobilier/meurce-72170/
31765,72195,MEZERAY,72,72270,mezeray,https://www.meilleursagents.com/prix-immobilier/mezeray-72270/
31766,72196,MEZIERES SUR PONTHOUIN,72,72290,mezieres-sur-ponthouin,https://www.meilleursagents.com/prix-immobilier/mezieres-sur-ponthouin-72290/
31767,72197,MEZIERES SOUS LAVARDIN,72,72240,mezieres-sous-lavardin,https://www.meilleursagents.com/prix-immobilier/mezieres-sous-lavardin-72240/
31768,72198,LA MILESSE,72,72650,la-milesse,https://www.meilleursagents.com/prix-immobilier/la-milesse-72650/
31769,72199,MOITRON SUR SARTHE,72,72170,moitron-sur-sarthe,https://www.meilleursagents.com/prix-immobilier/moitron-sur-sarthe-72170/
31770,72199,LE GUE LIAN,72,72170,le-gue-lian,https://www.meilleursagents.com/prix-immobilier/le-gue-lian-72170/
31771,72200,MONCE EN BELIN,72,72230,monce-en-belin,https://www.meilleursagents.com/prix-immobilier/monce-en-belin-72230/
31772,72201,MONCE EN SAOSNOIS,72,72260,monce-en-saosnois,https://www.meilleursagents.com/prix-immobilier/monce-en-saosnois-72260/
31773,72202,MONHOUDOU,72,72260,monhoudou,https://www.meilleursagents.com/prix-immobilier/monhoudou-72260/
31774,72204,MONTAILLE,72,72120,montaille,https://www.meilleursagents.com/prix-immobilier/montaille-72120/
31775,72205,MONTBIZOT,72,72380,montbizot,https://www.meilleursagents.com/prix-immobilier/montbizot-72380/
31776,72208,MONTMIRAIL,72,72320,montmirail,https://www.meilleursagents.com/prix-immobilier/montmirail-72320/
31777,72209,MONTREUIL LE CHETIF,72,72130,montreuil-le-chetif,https://www.meilleursagents.com/prix-immobilier/montreuil-le-chetif-72130/
31778,72210,MONTREUIL LE HENRI,72,72150,montreuil-le-henri,https://www.meilleursagents.com/prix-immobilier/montreuil-le-henri-72150/
31779,72211,MONT ST JEAN,72,72140,mont-Saint-jean,https://www.meilleursagents.com/prix-immobilier/mont-saint-jean-72140/
31780,72212,MOULINS LE CARBONNEL,72,72130,moulins-le-carbonnel,https://www.meilleursagents.com/prix-immobilier/moulins-le-carbonnel-72130/
31781,72213,MULSANNE,72,72230,mulsanne,https://www.meilleursagents.com/prix-immobilier/mulsanne-72230/
31782,72214,NAUVAY,72,72260,nauvay,https://www.meilleursagents.com/prix-immobilier/nauvay-72260/
31783,72215,NEUFCHATEL EN SAOSNOIS,72,72600,neufchatel-en-saosnois,https://www.meilleursagents.com/prix-immobilier/neufchatel-en-saosnois-72600/
31784,72216,NEUVILLALAIS,72,72240,neuvillalais,https://www.meilleursagents.com/prix-immobilier/neuvillalais-72240/
31785,72217,NEUVILLE SUR SARTHE,72,72190,neuville-sur-sarthe,https://www.meilleursagents.com/prix-immobilier/neuville-sur-sarthe-72190/
31786,72218,NEUVILLETTE EN CHARNIE,72,72140,neuvillette-en-charnie,https://www.meilleursagents.com/prix-immobilier/neuvillette-en-charnie-72140/
31787,72219,BERNAY EN CHAMPAGNE,72,72240,bernay-en-champagne,https://www.meilleursagents.com/prix-immobilier/bernay-en-champagne-72240/
31788,72219,NEUVY EN CHAMPAGNE,72,72240,neuvy-en-champagne,https://www.meilleursagents.com/prix-immobilier/neuvy-en-champagne-72240/
31789,72220,NOGENT LE BERNARD,72,72110,nogent-le-bernard,https://www.meilleursagents.com/prix-immobilier/nogent-le-bernard-72110/
31790,72221,NOGENT SUR LOIR,72,72500,nogent-sur-loir,https://www.meilleursagents.com/prix-immobilier/nogent-sur-loir-72500/
31791,72222,NOUANS,72,72260,nouans,https://www.meilleursagents.com/prix-immobilier/nouans-72260/
31792,72223,NOYEN SUR SARTHE,72,72430,noyen-sur-sarthe,https://www.meilleursagents.com/prix-immobilier/noyen-sur-sarthe-72430/
31793,72224,NUILLE LE JALAIS,72,72370,nuille-le-jalais,https://www.meilleursagents.com/prix-immobilier/nuille-le-jalais-72370/
31794,72225,OISSEAU LE PETIT,72,72610,oisseau-le-petit,https://www.meilleursagents.com/prix-immobilier/oisseau-le-petit-72610/
31795,72226,OIZE,72,72330,oize,https://www.meilleursagents.com/prix-immobilier/oize-72330/
31796,72227,PANON,72,72600,panon,https://www.meilleursagents.com/prix-immobilier/panon-72600/
31797,72228,PARCE SUR SARTHE,72,72300,parce-sur-sarthe,https://www.meilleursagents.com/prix-immobilier/parce-sur-sarthe-72300/
31798,72229,PARENNES,72,72140,parennes,https://www.meilleursagents.com/prix-immobilier/parennes-72140/
31799,72230,PARIGNE LE POLIN,72,72330,parigne-le-polin,https://www.meilleursagents.com/prix-immobilier/parigne-le-polin-72330/
31800,72231,PARIGNE L EVEQUE,72,72250,parigne-l-eveque,https://www.meilleursagents.com/prix-immobilier/parigne-l-eveque-72250/
31801,72232,NOTRE DAME DU PE,72,72300,notre-dame-du-pe,https://www.meilleursagents.com/prix-immobilier/notre-dame-du-pe-72300/
31802,72233,PERAY,72,72260,peray,https://www.meilleursagents.com/prix-immobilier/peray-72260/
31803,72234,PEZE LE ROBERT,72,72140,peze-le-robert,https://www.meilleursagents.com/prix-immobilier/peze-le-robert-72140/
31804,72235,PIACE,72,72170,piace,https://www.meilleursagents.com/prix-immobilier/piace-72170/
31805,72236,PINCE,72,72300,pince,https://www.meilleursagents.com/prix-immobilier/pince-72300/
31806,72237,PIRMIL,72,72430,pirmil,https://www.meilleursagents.com/prix-immobilier/pirmil-72430/
31807,72238,PIZIEUX,72,72600,pizieux,https://www.meilleursagents.com/prix-immobilier/pizieux-72600/
31808,72239,POILLE SUR VEGRE,72,72350,poille-sur-vegre,https://www.meilleursagents.com/prix-immobilier/poille-sur-vegre-72350/
31809,72241,MONTFORT LE GESNOIS,72,72450,montfort-le-gesnois,https://www.meilleursagents.com/prix-immobilier/montfort-le-gesnois-72450/
31810,72243,PONTVALLAIN,72,72510,pontvallain,https://www.meilleursagents.com/prix-immobilier/pontvallain-72510/
31811,72244,PRECIGNE,72,72300,precigne,https://www.meilleursagents.com/prix-immobilier/precigne-72300/
31812,72245,PREVAL,72,72400,preval,https://www.meilleursagents.com/prix-immobilier/preval-72400/
31813,72246,PREVELLES,72,72110,prevelles,https://www.meilleursagents.com/prix-immobilier/prevelles-72110/
31814,72247,PRUILLE LE CHETIF,72,72700,pruille-le-chetif,https://www.meilleursagents.com/prix-immobilier/pruille-le-chetif-72700/
31815,72248,PRUILLE L EGUILLE,72,72150,pruille-l-eguille,https://www.meilleursagents.com/prix-immobilier/pruille-l-eguille-72150/
31816,72249,LA QUINTE,72,72550,la-quinte,https://www.meilleursagents.com/prix-immobilier/la-quinte-72550/
31817,72250,RAHAY,72,72120,rahay,https://www.meilleursagents.com/prix-immobilier/rahay-72120/
31818,72251,RENE,72,72260,rene,https://www.meilleursagents.com/prix-immobilier/rene-72260/
31819,72252,REQUEIL,72,72510,requeil,https://www.meilleursagents.com/prix-immobilier/requeil-72510/
31820,72253,ROEZE SUR SARTHE,72,72210,roeze-sur-sarthe,https://www.meilleursagents.com/prix-immobilier/roeze-sur-sarthe-72210/
31821,72254,ROUESSE FONTAINE,72,72610,rouesse-fontaine,https://www.meilleursagents.com/prix-immobilier/rouesse-fontaine-72610/
31822,72255,ROUESSE VASSE,72,72140,rouesse-vasse,https://www.meilleursagents.com/prix-immobilier/rouesse-vasse-72140/
31823,72256,ROUEZ,72,72140,rouez,https://www.meilleursagents.com/prix-immobilier/rouez-72140/
31824,72257,ROUILLON,72,72700,rouillon,https://www.meilleursagents.com/prix-immobilier/rouillon-72700/
31825,72259,ROUPERROUX LE COQUET,72,72110,rouperroux-le-coquet,https://www.meilleursagents.com/prix-immobilier/rouperroux-le-coquet-72110/
31826,72260,RUAUDIN,72,72230,ruaudin,https://www.meilleursagents.com/prix-immobilier/ruaudin-72230/
31827,72261,RUILLE EN CHAMPAGNE,72,72240,ruille-en-champagne,https://www.meilleursagents.com/prix-immobilier/ruille-en-champagne-72240/
31828,72262,LA CHAPELLE GAUGAIN,72,72310,la-chapelle-gaugain,https://www.meilleursagents.com/prix-immobilier/la-chapelle-gaugain-72310/
31829,72262,LAVENAY,72,72310,lavenay,https://www.meilleursagents.com/prix-immobilier/lavenay-72310/
31830,72262,PONCE SUR LE LOIR,72,72340,ponce-sur-le-loir,https://www.meilleursagents.com/prix-immobilier/ponce-sur-le-loir-72340/
31831,72262,PONT DE BRAYE,72,72340,pont-de-braye,https://www.meilleursagents.com/prix-immobilier/pont-de-braye-72340/
31832,72262,RUILLE SUR LOIR,72,72340,ruille-sur-loir,https://www.meilleursagents.com/prix-immobilier/ruille-sur-loir-72340/
31833,72264,SABLE SUR SARTHE,72,72300,sable-sur-sarthe,https://www.meilleursagents.com/prix-immobilier/sable-sur-sarthe-72300/
31834,72265,ST AIGNAN,72,72110,saint-aignan,https://www.meilleursagents.com/prix-immobilier/saint-aignan-72110/
31835,72266,ST AUBIN DE LOCQUENAY,72,72130,saint-aubin-de-locquenay,https://www.meilleursagents.com/prix-immobilier/saint-aubin-de-locquenay-72130/
31836,72267,ST AUBIN DES COUDRAIS,72,72400,saint-aubin-des-coudrais,https://www.meilleursagents.com/prix-immobilier/saint-aubin-des-coudrais-72400/
31837,72268,ST BIEZ EN BELIN,72,72220,saint-biez-en-belin,https://www.meilleursagents.com/prix-immobilier/saint-biez-en-belin-72220/
31838,72269,ST CALAIS,72,72120,saint-calais,https://www.meilleursagents.com/prix-immobilier/saint-calais-72120/
31839,72270,ST CALEZ EN SAOSNOIS,72,72600,saint-calez-en-saosnois,https://www.meilleursagents.com/prix-immobilier/saint-calez-en-saosnois-72600/
31840,72271,ST CELERIN,72,72110,saint-celerin,https://www.meilleursagents.com/prix-immobilier/saint-celerin-72110/
31841,72272,STE CEROTTE,72,72120,sainte-cerotte,https://www.meilleursagents.com/prix-immobilier/sainte-cerotte-72120/
31842,72273,ST CHRISTOPHE DU JAMBET,72,72170,saint-christophe-du-jambet,https://www.meilleursagents.com/prix-immobilier/saint-christophe-du-jambet-72170/
31843,72274,ST CHRISTOPHE EN CHAMPAGNE,72,72540,saint-christophe-en-champagne,https://www.meilleursagents.com/prix-immobilier/saint-christophe-en-champagne-72540/
31844,72275,ST CORNEILLE,72,72460,saint-corneille,https://www.meilleursagents.com/prix-immobilier/saint-corneille-72460/
31845,72276,ST COSME EN VAIRAIS,72,72110,saint-cosme-en-vairais,https://www.meilleursagents.com/prix-immobilier/saint-cosme-en-vairais-72110/
31846,72277,ST DENIS DES COUDRAIS,72,72110,saint-denis-des-coudrais,https://www.meilleursagents.com/prix-immobilier/saint-denis-des-coudrais-72110/
31847,72278,ST DENIS D ORQUES,72,72350,saint-denis-d-orques,https://www.meilleursagents.com/prix-immobilier/saint-denis-d-orques-72350/
31848,72279,ST GEORGES DE LA COUEE,72,72150,saint-georges-de-la-couee,https://www.meilleursagents.com/prix-immobilier/saint-georges-de-la-couee-72150/
31849,72280,ST GEORGES DU BOIS,72,72700,saint-georges-du-bois,https://www.meilleursagents.com/prix-immobilier/saint-georges-du-bois-72700/
31850,72281,ST GEORGES DU ROSAY,72,72110,saint-georges-du-rosay,https://www.meilleursagents.com/prix-immobilier/saint-georges-du-rosay-72110/
31851,72282,ST GEORGES LE GAULTIER,72,72130,saint-georges-le-gaultier,https://www.meilleursagents.com/prix-immobilier/saint-georges-le-gaultier-72130/
31852,72283,ST GERMAIN D ARCE,72,72800,saint-germain-d-arce,https://www.meilleursagents.com/prix-immobilier/saint-germain-d-arce-72800/
31853,72286,ST GERVAIS DE VIC,72,72120,saint-gervais-de-vic,https://www.meilleursagents.com/prix-immobilier/saint-gervais-de-vic-72120/
31854,72289,STE JAMME SUR SARTHE,72,72380,sainte-jamme-sur-sarthe,https://www.meilleursagents.com/prix-immobilier/sainte-jamme-sur-sarthe-72380/
31855,72289,ANTOIGNE,72,72380,antoigne,https://www.meilleursagents.com/prix-immobilier/antoigne-72380/
31856,72290,ST JEAN D ASSE,72,72380,saint-jean-d-asse,https://www.meilleursagents.com/prix-immobilier/saint-jean-d-asse-72380/
31857,72291,ST JEAN DE LA MOTTE,72,72510,saint-jean-de-la-motte,https://www.meilleursagents.com/prix-immobilier/saint-jean-de-la-motte-72510/
31858,72292,ST JEAN DES ECHELLES,72,72320,saint-jean-des-echelles,https://www.meilleursagents.com/prix-immobilier/saint-jean-des-echelles-72320/
31859,72293,ST JEAN DU BOIS,72,72430,saint-jean-du-bois,https://www.meilleursagents.com/prix-immobilier/saint-jean-du-bois-72430/
31860,72294,ST LEONARD DES BOIS,72,72130,saint-leonard-des-bois,https://www.meilleursagents.com/prix-immobilier/saint-leonard-des-bois-72130/
31861,72295,ST LONGIS,72,72600,saint-longis,https://www.meilleursagents.com/prix-immobilier/saint-longis-72600/
31862,72296,ST MAIXENT,72,72320,saint-maixent,https://www.meilleursagents.com/prix-immobilier/saint-maixent-72320/
31863,72297,ST MARCEAU,72,72170,saint-marceau,https://www.meilleursagents.com/prix-immobilier/saint-marceau-72170/
31864,72299,ST MARS D OUTILLE,72,72220,saint-mars-d-outille,https://www.meilleursagents.com/prix-immobilier/saint-mars-d-outille-72220/
31865,72300,ST MARS LA BRIERE,72,72470,saint-mars-la-briere,https://www.meilleursagents.com/prix-immobilier/saint-mars-la-briere-72470/
31866,72302,ST MARTIN DES MONTS,72,72400,saint-martin-des-monts,https://www.meilleursagents.com/prix-immobilier/saint-martin-des-monts-72400/
31867,72303,ST MICHEL DE CHAVAIGNES,72,72440,saint-michel-de-chavaignes,https://www.meilleursagents.com/prix-immobilier/saint-michel-de-chavaignes-72440/
31868,72305,ST OUEN DE MIMBRE,72,72130,saint-ouen-de-mimbre,https://www.meilleursagents.com/prix-immobilier/saint-ouen-de-mimbre-72130/
31869,72306,ST OUEN EN BELIN,72,72220,saint-ouen-en-belin,https://www.meilleursagents.com/prix-immobilier/saint-ouen-en-belin-72220/
31870,72307,ST OUEN EN CHAMPAGNE,72,72350,saint-ouen-en-champagne,https://www.meilleursagents.com/prix-immobilier/saint-ouen-en-champagne-72350/
31871,72308,LE CHEVAIN,72,72610,le-chevain,https://www.meilleursagents.com/prix-immobilier/le-chevain-72610/
31872,72308,ST PATERNE,72,72610,saint-paterne,https://www.meilleursagents.com/prix-immobilier/saint-paterne-72610/
31873,72309,ST PAUL LE GAULTIER,72,72130,saint-paul-le-gaultier,https://www.meilleursagents.com/prix-immobilier/saint-paul-le-gaultier-72130/
31874,72310,ST PAVACE,72,72190,saint-pavace,https://www.meilleursagents.com/prix-immobilier/saint-pavace-72190/
31875,72311,ST PIERRE DE CHEVILLE,72,72500,saint-pierre-de-cheville,https://www.meilleursagents.com/prix-immobilier/saint-pierre-de-cheville-72500/
31876,72312,ST PIERRE DES BOIS,72,72430,saint-pierre-des-bois,https://www.meilleursagents.com/prix-immobilier/saint-pierre-des-bois-72430/
31877,72313,ST PIERRE DES ORMES,72,72600,saint-pierre-des-ormes,https://www.meilleursagents.com/prix-immobilier/saint-pierre-des-ormes-72600/
31878,72314,ST PIERRE DU LOROUER,72,72150,saint-pierre-du-lorouer,https://www.meilleursagents.com/prix-immobilier/saint-pierre-du-lorouer-72150/
31879,72315,ST REMY DE SILLE,72,72140,saint-remy-de-sille,https://www.meilleursagents.com/prix-immobilier/saint-remy-de-sille-72140/
31880,72316,ST REMY DES MONTS,72,72600,saint-remy-des-monts,https://www.meilleursagents.com/prix-immobilier/saint-remy-des-monts-72600/
31881,72317,ST REMY DU VAL,72,72600,saint-remy-du-val,https://www.meilleursagents.com/prix-immobilier/saint-remy-du-val-72600/
31882,72319,STE SABINE SUR LONGEVE,72,72380,sainte-sabine-sur-longeve,https://www.meilleursagents.com/prix-immobilier/sainte-sabine-sur-longeve-72380/
31883,72320,ST SATURNIN,72,72650,saint-saturnin,https://www.meilleursagents.com/prix-immobilier/saint-saturnin-72650/
31884,72321,ST SYMPHORIEN,72,72240,saint-symphorien,https://www.meilleursagents.com/prix-immobilier/saint-symphorien-72240/
31885,72322,ST ULPHACE,72,72320,saint-ulphace,https://www.meilleursagents.com/prix-immobilier/saint-ulphace-72320/
31886,72323,ST VICTEUR,72,72130,saint-victeur,https://www.meilleursagents.com/prix-immobilier/saint-victeur-72130/
31887,72324,ST VINCENT DES PRES,72,72600,saint-vincent-des-pres,https://www.meilleursagents.com/prix-immobilier/saint-vincent-des-pres-72600/
31888,72325,ST VINCENT DU LOROUER,72,72150,saint-vincent-du-lorouer,https://www.meilleursagents.com/prix-immobilier/saint-vincent-du-lorouer-72150/
31889,72326,SAOSNES,72,72600,saosnes,https://www.meilleursagents.com/prix-immobilier/saosnes-72600/
31890,72327,SARCE,72,72360,sarce,https://www.meilleursagents.com/prix-immobilier/sarce-72360/
31891,72328,SARGE LES LE MANS,72,72190,sarge-les-le-mans,https://www.meilleursagents.com/prix-immobilier/sarge-les-le-mans-72190/
31892,72329,SAVIGNE L EVEQUE,72,72460,savigne-l-eveque,https://www.meilleursagents.com/prix-immobilier/savigne-l-eveque-72460/
31893,72330,SAVIGNE SOUS LE LUDE,72,72800,savigne-sous-le-lude,https://www.meilleursagents.com/prix-immobilier/savigne-sous-le-lude-72800/
31894,72331,SCEAUX SUR HUISNE,72,72160,sceaux-sur-huisne,https://www.meilleursagents.com/prix-immobilier/sceaux-sur-huisne-72160/
31895,72332,SEGRIE,72,72170,segrie,https://www.meilleursagents.com/prix-immobilier/segrie-72170/
31896,72333,SEMUR EN VALLON,72,72390,semur-en-vallon,https://www.meilleursagents.com/prix-immobilier/semur-en-vallon-72390/
31897,72334,SILLE LE GUILLAUME,72,72140,sille-le-guillaume,https://www.meilleursagents.com/prix-immobilier/sille-le-guillaume-72140/
31898,72335,SILLE LE PHILIPPE,72,72460,sille-le-philippe,https://www.meilleursagents.com/prix-immobilier/sille-le-philippe-72460/
31899,72336,SOLESMES,72,72300,solesmes,https://www.meilleursagents.com/prix-immobilier/solesmes-72300/
31900,72337,SOUGE LE GANELON,72,72130,souge-le-ganelon,https://www.meilleursagents.com/prix-immobilier/souge-le-ganelon-72130/
31901,72338,SOUILLE,72,72380,souille,https://www.meilleursagents.com/prix-immobilier/souille-72380/
31902,72339,SOULIGNE FLACE,72,72210,souligne-flace,https://www.meilleursagents.com/prix-immobilier/souligne-flace-72210/
31903,72340,SOULIGNE SOUS BALLON,72,72290,souligne-sous-ballon,https://www.meilleursagents.com/prix-immobilier/souligne-sous-ballon-72290/
31904,72341,SOULITRE,72,72370,soulitre,https://www.meilleursagents.com/prix-immobilier/soulitre-72370/
31905,72342,SOUVIGNE SUR MEME,72,72400,souvigne-sur-meme,https://www.meilleursagents.com/prix-immobilier/souvigne-sur-meme-72400/
31906,72343,SOUVIGNE SUR SARTHE,72,72300,souvigne-sur-sarthe,https://www.meilleursagents.com/prix-immobilier/souvigne-sur-sarthe-72300/
31907,72344,SPAY,72,72700,spay,https://www.meilleursagents.com/prix-immobilier/spay-72700/
31908,72345,SURFONDS,72,72370,surfonds,https://www.meilleursagents.com/prix-immobilier/surfonds-72370/
31909,72346,LA SUZE SUR SARTHE,72,72210,la-suze-sur-sarthe,https://www.meilleursagents.com/prix-immobilier/la-suze-sur-sarthe-72210/
31910,72347,TASSE,72,72430,tasse,https://www.meilleursagents.com/prix-immobilier/tasse-72430/
31911,72348,TASSILLE,72,72540,tassille,https://www.meilleursagents.com/prix-immobilier/tassille-72540/
31912,72349,TEILLE,72,72290,teille,https://www.meilleursagents.com/prix-immobilier/teille-72290/
31913,72350,TELOCHE,72,72220,teloche,https://www.meilleursagents.com/prix-immobilier/teloche-72220/
31914,72351,TENNIE,72,72240,tennie,https://www.meilleursagents.com/prix-immobilier/tennie-72240/
31915,72352,TERREHAULT,72,72110,terrehault,https://www.meilleursagents.com/prix-immobilier/terrehault-72110/
31916,72353,THELIGNY,72,72320,theligny,https://www.meilleursagents.com/prix-immobilier/theligny-72320/
31917,72354,THOIGNE,72,72260,thoigne,https://www.meilleursagents.com/prix-immobilier/thoigne-72260/
31918,72355,THOIRE SOUS CONTENSOR,72,72610,thoire-sous-contensor,https://www.meilleursagents.com/prix-immobilier/thoire-sous-contensor-72610/
31919,72356,THOIRE SUR DINAN,72,72500,thoire-sur-dinan,https://www.meilleursagents.com/prix-immobilier/thoire-sur-dinan-72500/
31920,72357,THOREE LES PINS,72,72800,thoree-les-pins,https://www.meilleursagents.com/prix-immobilier/thoree-les-pins-72800/
31921,72358,THORIGNE SUR DUE,72,72160,thorigne-sur-due,https://www.meilleursagents.com/prix-immobilier/thorigne-sur-due-72160/
31922,72359,TORCE EN VALLEE,72,72110,torce-en-vallee,https://www.meilleursagents.com/prix-immobilier/torce-en-vallee-72110/
31923,72360,TRANGE,72,72650,trange,https://www.meilleursagents.com/prix-immobilier/trange-72650/
31924,72361,TRESSON,72,72440,tresson,https://www.meilleursagents.com/prix-immobilier/tresson-72440/
31925,72362,LE TRONCHET,72,72170,le-tronchet,https://www.meilleursagents.com/prix-immobilier/le-tronchet-72170/
31926,72363,ST HILAIRE LE LIERRU,72,72160,saint-hilaire-le-lierru,https://www.meilleursagents.com/prix-immobilier/saint-hilaire-le-lierru-72160/
31927,72363,TUFFE,72,72160,tuffe,https://www.meilleursagents.com/prix-immobilier/tuffe-72160/
31928,72364,VAAS,72,72500,vaas,https://www.meilleursagents.com/prix-immobilier/vaas-72500/
31929,72366,VALENNES,72,72320,valennes,https://www.meilleursagents.com/prix-immobilier/valennes-72320/
31930,72367,VALLON SUR GEE,72,72540,vallon-sur-gee,https://www.meilleursagents.com/prix-immobilier/vallon-sur-gee-72540/
31931,72368,VANCE,72,72310,vance,https://www.meilleursagents.com/prix-immobilier/vance-72310/
31932,72369,VERNEIL LE CHETIF,72,72360,verneil-le-chetif,https://www.meilleursagents.com/prix-immobilier/verneil-le-chetif-72360/
31933,72370,VERNIE,72,72170,vernie,https://www.meilleursagents.com/prix-immobilier/vernie-72170/
31934,72372,VEZOT,72,72600,vezot,https://www.meilleursagents.com/prix-immobilier/vezot-72600/
31935,72373,VIBRAYE,72,72320,vibraye,https://www.meilleursagents.com/prix-immobilier/vibraye-72320/
31936,72374,VILLAINES LA CARELLE,72,72600,villaines-la-carelle,https://www.meilleursagents.com/prix-immobilier/villaines-la-carelle-72600/
31937,72375,VILLAINES LA GONAIS,72,72400,villaines-la-gonais,https://www.meilleursagents.com/prix-immobilier/villaines-la-gonais-72400/
31938,72376,VILLAINES SOUS LUCE,72,72150,villaines-sous-luce,https://www.meilleursagents.com/prix-immobilier/villaines-sous-luce-72150/
31939,72377,VILLAINES SOUS MALICORNE,72,72270,villaines-sous-malicorne,https://www.meilleursagents.com/prix-immobilier/villaines-sous-malicorne-72270/
31940,72378,VION,72,72300,vion,https://www.meilleursagents.com/prix-immobilier/vion-72300/
31941,72379,VIRE EN CHAMPAGNE,72,72350,vire-en-champagne,https://www.meilleursagents.com/prix-immobilier/vire-en-champagne-72350/
31942,72380,VIVOIN,72,72170,vivoin,https://www.meilleursagents.com/prix-immobilier/vivoin-72170/
31943,72381,VOIVRES LES LE MANS,72,72210,voivres-les-le-mans,https://www.meilleursagents.com/prix-immobilier/voivres-les-le-mans-72210/
31944,72382,ST MARS DE LOCQUENAY,72,72440,saint-mars-de-locquenay,https://www.meilleursagents.com/prix-immobilier/saint-mars-de-locquenay-72440/
31945,72382,VOLNAY,72,72440,volnay,https://www.meilleursagents.com/prix-immobilier/volnay-72440/
31946,72383,VOUVRAY SUR HUISNE,72,72160,vouvray-sur-huisne,https://www.meilleursagents.com/prix-immobilier/vouvray-sur-huisne-72160/
31947,72385,YVRE LE POLIN,72,72330,yvre-le-polin,https://www.meilleursagents.com/prix-immobilier/yvre-le-polin-72330/
31948,72386,YVRE L EVEQUE,72,72530,yvre-l-eveque,https://www.meilleursagents.com/prix-immobilier/yvre-l-eveque-72530/
36257,85001,LA FAUTE SUR MER,85,85460,la-faute-sur-mer,https://www.meilleursagents.com/prix-immobilier/la-faute-sur-mer-85460/
36258,85001,L AIGUILLON SUR MER,85,85460,l-aiguillon-sur-mer,https://www.meilleursagents.com/prix-immobilier/l-aiguillon-sur-mer-85460/
36259,85002,L AIGUILLON SUR VIE,85,85220,l-aiguillon-sur-vie,https://www.meilleursagents.com/prix-immobilier/l-aiguillon-sur-vie-85220/
36260,85003,AIZENAY,85,85190,aizenay,https://www.meilleursagents.com/prix-immobilier/aizenay-85190/
36261,85004,ANGLES,85,85750,angles,https://www.meilleursagents.com/prix-immobilier/angles-85750/
36262,85005,ANTIGNY,85,85120,antigny,https://www.meilleursagents.com/prix-immobilier/antigny-85120/
36263,85006,APREMONT,85,85220,apremont,https://www.meilleursagents.com/prix-immobilier/apremont-85220/
36264,85008,AUBIGNY,85,85430,aubigny,https://www.meilleursagents.com/prix-immobilier/aubigny-85430/
36265,85008,LES CLOUZEAUX,85,85430,les-clouzeaux,https://www.meilleursagents.com/prix-immobilier/les-clouzeaux-85430/
36266,85009,AUZAY,85,85200,auzay,https://www.meilleursagents.com/prix-immobilier/auzay-85200/
36267,85009,CHAIX,85,85200,chaix,https://www.meilleursagents.com/prix-immobilier/chaix-85200/
36268,85010,AVRILLE,85,85440,avrille,https://www.meilleursagents.com/prix-immobilier/avrille-85440/
36269,85011,BARBATRE,85,85630,barbatre,https://www.meilleursagents.com/prix-immobilier/barbatre-85630/
36270,85012,LA BARRE DE MONTS,85,85550,la-barre-de-monts,https://www.meilleursagents.com/prix-immobilier/la-barre-de-monts-85550/
36271,85012,FROMENTINE,85,85550,fromentine,https://www.meilleursagents.com/prix-immobilier/fromentine-85550/
36272,85013,BAZOGES EN PAILLERS,85,85130,bazoges-en-paillers,https://www.meilleursagents.com/prix-immobilier/bazoges-en-paillers-85130/
36273,85014,BAZOGES EN PAREDS,85,85390,bazoges-en-pareds,https://www.meilleursagents.com/prix-immobilier/bazoges-en-pareds-85390/
36274,85015,BEAUFOU,85,85170,beaufou,https://www.meilleursagents.com/prix-immobilier/beaufou-85170/
36275,85016,BEAULIEU SOUS LA ROCHE,85,85190,beaulieu-sous-la-roche,https://www.meilleursagents.com/prix-immobilier/beaulieu-sous-la-roche-85190/
36276,85017,BEAUREPAIRE,85,85500,beaurepaire,https://www.meilleursagents.com/prix-immobilier/beaurepaire-85500/
36277,85018,BEAUVOIR SUR MER,85,85230,beauvoir-sur-mer,https://www.meilleursagents.com/prix-immobilier/beauvoir-sur-mer-85230/
36278,85019,BELLEVILLE SUR VIE,85,85170,belleville-sur-vie,https://www.meilleursagents.com/prix-immobilier/belleville-sur-vie-85170/
36279,85019,SALIGNY,85,85170,saligny,https://www.meilleursagents.com/prix-immobilier/saligny-85170/
36280,85020,BENET,85,85490,benet,https://www.meilleursagents.com/prix-immobilier/benet-85490/
36281,85020,LESSON,85,85490,lesson,https://www.meilleursagents.com/prix-immobilier/lesson-85490/
36282,85020,STE CHRISTINE,85,85490,sainte-christine,https://www.meilleursagents.com/prix-immobilier/sainte-christine-85490/
36283,85022,LE BERNARD,85,85560,le-bernard,https://www.meilleursagents.com/prix-immobilier/le-bernard-85560/
36284,85023,BESSAY,85,85320,bessay,https://www.meilleursagents.com/prix-immobilier/bessay-85320/
36285,85024,BOIS DE CENE,85,85710,bois-de-cene,https://www.meilleursagents.com/prix-immobilier/bois-de-cene-85710/
36286,85025,LA BOISSIERE DE MONTAIGU,85,85600,la-boissiere-de-montaigu,https://www.meilleursagents.com/prix-immobilier/la-boissiere-de-montaigu-85600/
36287,85026,LA BOISSIERE DES LANDES,85,85430,la-boissiere-des-landes,https://www.meilleursagents.com/prix-immobilier/la-boissiere-des-landes-85430/
36288,85028,BOUILLE COURDAULT,85,85420,bouille-courdault,https://www.meilleursagents.com/prix-immobilier/bouille-courdault-85420/
36289,85029,BOUIN,85,85230,bouin,https://www.meilleursagents.com/prix-immobilier/bouin-85230/
36290,85031,LE BOUPERE,85,85510,le-boupere,https://www.meilleursagents.com/prix-immobilier/le-boupere-85510/
36291,85033,BOURNEAU,85,85200,bourneau,https://www.meilleursagents.com/prix-immobilier/bourneau-85200/
36292,85034,BOURNEZEAU,85,85480,bournezeau,https://www.meilleursagents.com/prix-immobilier/bournezeau-85480/
36293,85034,ST VINCENT PUYMAUFRAIS,85,85480,saint-vincent-puymaufrais,https://www.meilleursagents.com/prix-immobilier/saint-vincent-puymaufrais-85480/
36294,85035,BRETIGNOLLES SUR MER,85,85470,bretignolles-sur-mer,https://www.meilleursagents.com/prix-immobilier/bretignolles-sur-mer-85470/
36295,85036,LA BRETONNIERE LA CLAYE,85,85320,la-bretonniere-la-claye,https://www.meilleursagents.com/prix-immobilier/la-bretonniere-la-claye-85320/
36296,85036,LA CLAYE,85,85320,la-claye,https://www.meilleursagents.com/prix-immobilier/la-claye-85320/
36297,85038,LES BROUZILS,85,85260,les-brouzils,https://www.meilleursagents.com/prix-immobilier/les-brouzils-85260/
36298,85039,LA BRUFFIERE,85,85530,la-bruffiere,https://www.meilleursagents.com/prix-immobilier/la-bruffiere-85530/
36299,85040,LA CAILLERE ST HILAIRE,85,85410,la-caillere-Saint-hilaire,https://www.meilleursagents.com/prix-immobilier/la-caillere-saint-hilaire-85410/
36300,85040,ST HILAIRE DU BOIS,85,85410,saint-hilaire-du-bois,https://www.meilleursagents.com/prix-immobilier/saint-hilaire-du-bois-85410/
36301,85042,CHAILLE LES MARAIS,85,85450,chaille-les-marais,https://www.meilleursagents.com/prix-immobilier/chaille-les-marais-85450/
36302,85042,AISNE,85,85450,aisne,https://www.meilleursagents.com/prix-immobilier/aisne-85450/
36303,85042,SABLEAU,85,85450,sableau,https://www.meilleursagents.com/prix-immobilier/sableau-85450/
36304,85045,LA CHAIZE GIRAUD,85,85220,la-chaize-giraud,https://www.meilleursagents.com/prix-immobilier/la-chaize-giraud-85220/
36305,85046,LA CHAIZE LE VICOMTE,85,85310,la-chaize-le-vicomte,https://www.meilleursagents.com/prix-immobilier/la-chaize-le-vicomte-85310/
36306,85046,LA LIMOUZINIERE,85,85310,la-limouziniere,https://www.meilleursagents.com/prix-immobilier/la-limouziniere-85310/
36307,85047,CHALLANS,85,85300,challans,https://www.meilleursagents.com/prix-immobilier/challans-85300/
36308,85049,CHAMPAGNE LES MARAIS,85,85450,champagne-les-marais,https://www.meilleursagents.com/prix-immobilier/champagne-les-marais-85450/
36309,85050,LE CHAMP ST PERE,85,85540,le-champ-Saint-pere,https://www.meilleursagents.com/prix-immobilier/le-champ-saint-pere-85540/
36310,85051,CHANTONNAY,85,85110,chantonnay,https://www.meilleursagents.com/prix-immobilier/chantonnay-85110/
36311,85051,ST PHILBERT DU PONT CHARRAULT,85,85110,saint-philbert-du-pont-charrault,https://www.meilleursagents.com/prix-immobilier/saint-philbert-du-pont-charrault-85110/
36312,85054,LA CHAPELLE HERMIER,85,85220,la-chapelle-hermier,https://www.meilleursagents.com/prix-immobilier/la-chapelle-hermier-85220/
36313,85055,LA CHAPELLE PALLUAU,85,85670,la-chapelle-palluau,https://www.meilleursagents.com/prix-immobilier/la-chapelle-palluau-85670/
36314,85056,LA CHAPELLE THEMER,85,85210,la-chapelle-themer,https://www.meilleursagents.com/prix-immobilier/la-chapelle-themer-85210/
36315,85058,CHASNAIS,85,85400,chasnais,https://www.meilleursagents.com/prix-immobilier/chasnais-85400/
36316,85059,LA CHATAIGNERAIE,85,85120,la-chataigneraie,https://www.meilleursagents.com/prix-immobilier/la-chataigneraie-85120/
36317,85061,CHATEAU GUIBERT,85,85320,chateau-guibert,https://www.meilleursagents.com/prix-immobilier/chateau-guibert-85320/
36318,85062,CHATEAUNEUF,85,85710,chateauneuf,https://www.meilleursagents.com/prix-immobilier/chateauneuf-85710/
36319,85064,CHAUCHE,85,85140,chauche,https://www.meilleursagents.com/prix-immobilier/chauche-85140/
36320,85065,CHAVAGNES EN PAILLERS,85,85250,chavagnes-en-paillers,https://www.meilleursagents.com/prix-immobilier/chavagnes-en-paillers-85250/
36321,85066,CHAVAGNES LES REDOUX,85,85390,chavagnes-les-redoux,https://www.meilleursagents.com/prix-immobilier/chavagnes-les-redoux-85390/
36322,85067,CHEFFOIS,85,85390,cheffois,https://www.meilleursagents.com/prix-immobilier/cheffois-85390/
36323,85070,COEX,85,85220,coex,https://www.meilleursagents.com/prix-immobilier/coex-85220/
36324,85071,COMMEQUIERS,85,85220,commequiers,https://www.meilleursagents.com/prix-immobilier/commequiers-85220/
36325,85072,LA COPECHAGNIERE,85,85260,la-copechagniere,https://www.meilleursagents.com/prix-immobilier/la-copechagniere-85260/
36326,85073,CORPE,85,85320,corpe,https://www.meilleursagents.com/prix-immobilier/corpe-85320/
36327,85074,LA COUTURE,85,85320,la-couture,https://www.meilleursagents.com/prix-immobilier/la-couture-85320/
36328,85076,CUGAND,85,85610,cugand,https://www.meilleursagents.com/prix-immobilier/cugand-85610/
36329,85076,LA BERNARDIERE,85,85610,la-bernardiere,https://www.meilleursagents.com/prix-immobilier/la-bernardiere-85610/
36330,85077,CURZON,85,85540,curzon,https://www.meilleursagents.com/prix-immobilier/curzon-85540/
36331,85078,DAMVIX,85,85420,damvix,https://www.meilleursagents.com/prix-immobilier/damvix-85420/
36332,85080,DOIX,85,85200,doix,https://www.meilleursagents.com/prix-immobilier/doix-85200/
36333,85080,FONTAINES,85,85200,fontaines,https://www.meilleursagents.com/prix-immobilier/fontaines-85200/
36334,85081,DOMPIERRE SUR YON,85,85170,dompierre-sur-yon,https://www.meilleursagents.com/prix-immobilier/dompierre-sur-yon-85170/
36335,85082,LES EPESSES,85,85590,les-epesses,https://www.meilleursagents.com/prix-immobilier/les-epesses-85590/
36336,85083,L EPINE,85,85740,l-epine,https://www.meilleursagents.com/prix-immobilier/l-epine-85740/
36337,85084,BOULOGNE,85,85140,boulogne,https://www.meilleursagents.com/prix-immobilier/boulogne-85140/
36338,85084,LES ESSARTS,85,85140,les-essarts,https://www.meilleursagents.com/prix-immobilier/les-essarts-85140/
36339,85086,FALLERON,85,85670,falleron,https://www.meilleursagents.com/prix-immobilier/falleron-85670/
36340,85087,FAYMOREAU,85,85240,faymoreau,https://www.meilleursagents.com/prix-immobilier/faymoreau-85240/
36341,85088,LE FENOUILLER,85,85800,le-fenouiller,https://www.meilleursagents.com/prix-immobilier/le-fenouiller-85800/
36342,85089,LA FERRIERE,85,85280,la-ferriere,https://www.meilleursagents.com/prix-immobilier/la-ferriere-85280/
36343,85090,LA FLOCELLIERE,85,85700,la-flocelliere,https://www.meilleursagents.com/prix-immobilier/la-flocelliere-85700/
36344,85090,LA POMMERAIE SUR SEVRE,85,85700,la-pommeraie-sur-sevre,https://www.meilleursagents.com/prix-immobilier/la-pommeraie-sur-sevre-85700/
36345,85090,LES CHATELLIERS CHATEAUMUR,85,85700,les-chatelliers-chateaumur,https://www.meilleursagents.com/prix-immobilier/les-chatelliers-chateaumur-85700/
36346,85090,ST MICHEL MONT MERCURE,85,85700,saint-michel-mont-mercure,https://www.meilleursagents.com/prix-immobilier/saint-michel-mont-mercure-85700/
36347,85092,FONTENAY LE COMTE,85,85200,fontenay-le-comte,https://www.meilleursagents.com/prix-immobilier/fontenay-le-comte-85200/
36348,85092,ST MEDARD DES PRES,85,85200,saint-medard-des-pres,https://www.meilleursagents.com/prix-immobilier/saint-medard-des-pres-85200/
36349,85093,FOUGERE,85,85480,fougere,https://www.meilleursagents.com/prix-immobilier/fougere-85480/
36350,85094,FOUSSAIS PAYRE,85,85240,foussais-payre,https://www.meilleursagents.com/prix-immobilier/foussais-payre-85240/
36351,85095,FROIDFOND,85,85300,froidfond,https://www.meilleursagents.com/prix-immobilier/froidfond-85300/
36352,85096,LA GARNACHE,85,85710,la-garnache,https://www.meilleursagents.com/prix-immobilier/la-garnache-85710/
36353,85097,LA GAUBRETIERE,85,85130,la-gaubretiere,https://www.meilleursagents.com/prix-immobilier/la-gaubretiere-85130/
36354,85098,LA GENETOUZE,85,85190,la-genetouze,https://www.meilleursagents.com/prix-immobilier/la-genetouze-85190/
36355,85099,LE GIROUARD,85,85150,le-girouard,https://www.meilleursagents.com/prix-immobilier/le-girouard-85150/
36356,85100,GIVRAND,85,85800,givrand,https://www.meilleursagents.com/prix-immobilier/givrand-85800/
36357,85101,LE GIVRE,85,85540,le-givre,https://www.meilleursagents.com/prix-immobilier/le-givre-85540/
36358,85102,GRAND LANDES,85,85670,grand-landes,https://www.meilleursagents.com/prix-immobilier/grand-landes-85670/
36359,85103,GROSBREUIL,85,85440,grosbreuil,https://www.meilleursagents.com/prix-immobilier/grosbreuil-85440/
36360,85104,GRUES,85,85580,grues,https://www.meilleursagents.com/prix-immobilier/grues-85580/
36361,85105,LE GUE DE VELLUIRE,85,85770,le-gue-de-velluire,https://www.meilleursagents.com/prix-immobilier/le-gue-de-velluire-85770/
36362,85106,LA GUERINIERE,85,85680,la-gueriniere,https://www.meilleursagents.com/prix-immobilier/la-gueriniere-85680/
36363,85108,L HERBERGEMENT,85,85260,l-herbergement,https://www.meilleursagents.com/prix-immobilier/l-herbergement-85260/
36364,85109,LES HERBIERS,85,85500,les-herbiers,https://www.meilleursagents.com/prix-immobilier/les-herbiers-85500/
36365,85110,L HERMENAULT,85,85570,l-hermenault,https://www.meilleursagents.com/prix-immobilier/l-hermenault-85570/
36366,85111,L ILE D ELLE,85,85770,l-ile-d-elle,https://www.meilleursagents.com/prix-immobilier/l-ile-d-elle-85770/
36367,85112,L ILE D OLONNE,85,85340,l-ile-d-olonne,https://www.meilleursagents.com/prix-immobilier/l-ile-d-olonne-85340/
36368,85113,L ILE D YEU,85,85350,l-ile-d-yeu,https://www.meilleursagents.com/prix-immobilier/l-ile-d-yeu-85350/
36369,85113,PORT JOINVILLE,85,85350,port-joinville,https://www.meilleursagents.com/prix-immobilier/port-joinville-85350/
36370,85114,JARD SUR MER,85,85520,jard-sur-mer,https://www.meilleursagents.com/prix-immobilier/jard-sur-mer-85520/
36371,85115,LA JAUDONNIERE,85,85110,la-jaudonniere,https://www.meilleursagents.com/prix-immobilier/la-jaudonniere-85110/
36372,85116,LA JONCHERE,85,85540,la-jonchere,https://www.meilleursagents.com/prix-immobilier/la-jonchere-85540/
36373,85117,LAIROUX,85,85400,lairoux,https://www.meilleursagents.com/prix-immobilier/lairoux-85400/
36374,85118,LANDERONDE,85,85150,landeronde,https://www.meilleursagents.com/prix-immobilier/landeronde-85150/
36375,85119,LES LANDES GENUSSON,85,85130,les-landes-genusson,https://www.meilleursagents.com/prix-immobilier/les-landes-genusson-85130/
36376,85120,LANDEVIEILLE,85,85220,landevieille,https://www.meilleursagents.com/prix-immobilier/landevieille-85220/
36377,85121,LE LANGON,85,85370,le-langon,https://www.meilleursagents.com/prix-immobilier/le-langon-85370/
36378,85123,LIEZ,85,85420,liez,https://www.meilleursagents.com/prix-immobilier/liez-85420/
36379,85125,LOGE FOUGEREUSE,85,85120,loge-fougereuse,https://www.meilleursagents.com/prix-immobilier/loge-fougereuse-85120/
36380,85126,LONGEVES,85,85200,longeves,https://www.meilleursagents.com/prix-immobilier/longeves-85200/
36381,85127,LONGEVILLE SUR MER,85,85560,longeville-sur-mer,https://www.meilleursagents.com/prix-immobilier/longeville-sur-mer-85560/
36382,85128,LUCON,85,85400,lucon,https://www.meilleursagents.com/prix-immobilier/lucon-85400/
36383,85129,LES LUCS SUR BOULOGNE,85,85170,les-lucs-sur-boulogne,https://www.meilleursagents.com/prix-immobilier/les-lucs-sur-boulogne-85170/
36384,85130,MACHE,85,85190,mache,https://www.meilleursagents.com/prix-immobilier/mache-85190/
36385,85131,LES MAGNILS REIGNIERS,85,85400,les-magnils-reigniers,https://www.meilleursagents.com/prix-immobilier/les-magnils-reigniers-85400/
36386,85132,MAILLE,85,85420,maille,https://www.meilleursagents.com/prix-immobilier/maille-85420/
36387,85133,MAILLEZAIS,85,85420,maillezais,https://www.meilleursagents.com/prix-immobilier/maillezais-85420/
36388,85134,MALLIEVRE,85,85590,mallievre,https://www.meilleursagents.com/prix-immobilier/mallievre-85590/
36389,85135,MAREUIL SUR LAY DISSAIS,85,85320,mareuil-sur-lay-dissais,https://www.meilleursagents.com/prix-immobilier/mareuil-sur-lay-dissais-85320/
36390,85135,DISSAIS,85,85320,dissais,https://www.meilleursagents.com/prix-immobilier/dissais-85320/
36391,85136,MARILLET,85,85240,marillet,https://www.meilleursagents.com/prix-immobilier/marillet-85240/
36392,85137,MARSAIS STE RADEGONDE,85,85570,marsais-ste-radegonde,https://www.meilleursagents.com/prix-immobilier/marsais-ste-radegonde-85570/
36393,85138,MARTINET,85,85150,martinet,https://www.meilleursagents.com/prix-immobilier/martinet-85150/
36394,85139,LE MAZEAU,85,85420,le-mazeau,https://www.meilleursagents.com/prix-immobilier/le-mazeau-85420/
36395,85140,LA MEILLERAIE TILLAY,85,85700,la-meilleraie-tillay,https://www.meilleursagents.com/prix-immobilier/la-meilleraie-tillay-85700/
36396,85141,MENOMBLET,85,85700,menomblet,https://www.meilleursagents.com/prix-immobilier/menomblet-85700/
36397,85142,LA MERLATIERE,85,85140,la-merlatiere,https://www.meilleursagents.com/prix-immobilier/la-merlatiere-85140/
36398,85143,MERVENT,85,85200,mervent,https://www.meilleursagents.com/prix-immobilier/mervent-85200/
36399,85144,MESNARD LA BAROTIERE,85,85500,mesnard-la-barotiere,https://www.meilleursagents.com/prix-immobilier/mesnard-la-barotiere-85500/
36400,85145,MONSIREIGNE,85,85110,monsireigne,https://www.meilleursagents.com/prix-immobilier/monsireigne-85110/
36401,85146,BOUFFERE,85,85600,bouffere,https://www.meilleursagents.com/prix-immobilier/bouffere-85600/
36402,85146,LA GUYONNIERE,85,85600,la-guyonniere,https://www.meilleursagents.com/prix-immobilier/la-guyonniere-85600/
36403,85146,MONTAIGU,85,85600,montaigu,https://www.meilleursagents.com/prix-immobilier/montaigu-85600/
36404,85146,ST GEORGES DE MONTAIGU,85,85600,saint-georges-de-montaigu,https://www.meilleursagents.com/prix-immobilier/saint-georges-de-montaigu-85600/
36405,85146,ST HILAIRE DE LOULAY,85,85600,saint-hilaire-de-loulay,https://www.meilleursagents.com/prix-immobilier/saint-hilaire-de-loulay-85600/
36406,85147,MONTOURNAIS,85,85700,montournais,https://www.meilleursagents.com/prix-immobilier/montournais-85700/
36407,85148,MONTREUIL,85,85200,montreuil,https://www.meilleursagents.com/prix-immobilier/montreuil-85200/
36408,85149,MOREILLES,85,85450,moreilles,https://www.meilleursagents.com/prix-immobilier/moreilles-85450/
36409,85151,MORTAGNE SUR SEVRE,85,85290,mortagne-sur-sevre,https://www.meilleursagents.com/prix-immobilier/mortagne-sur-sevre-85290/
36410,85152,LA CHAPELLE ACHARD,85,85150,la-chapelle-achard,https://www.meilleursagents.com/prix-immobilier/la-chapelle-achard-85150/
36411,85152,LA MOTHE ACHARD,85,85150,la-mothe-achard,https://www.meilleursagents.com/prix-immobilier/la-mothe-achard-85150/
36412,85153,MOUCHAMPS,85,85640,mouchamps,https://www.meilleursagents.com/prix-immobilier/mouchamps-85640/
36413,85154,MOUILLERON EN PAREDS,85,85390,mouilleron-en-pareds,https://www.meilleursagents.com/prix-immobilier/mouilleron-en-pareds-85390/
36414,85154,ST GERMAIN L AIGUILLER,85,85390,saint-germain-l-aiguiller,https://www.meilleursagents.com/prix-immobilier/saint-germain-l-aiguiller-85390/
36415,85155,MOUILLERON LE CAPTIF,85,85000,mouilleron-le-captif,https://www.meilleursagents.com/prix-immobilier/mouilleron-le-captif-85000/
36416,85156,MOUTIERS LES MAUXFAITS,85,85540,moutiers-les-mauxfaits,https://www.meilleursagents.com/prix-immobilier/moutiers-les-mauxfaits-85540/
36417,85157,MOUTIERS SUR LE LAY,85,85320,moutiers-sur-le-lay,https://www.meilleursagents.com/prix-immobilier/moutiers-sur-le-lay-85320/
36418,85158,MOUZEUIL ST MARTIN,85,85370,mouzeuil-Saint-martin,https://www.meilleursagents.com/prix-immobilier/mouzeuil-saint-martin-85370/
36419,85159,NALLIERS,85,85370,nalliers,https://www.meilleursagents.com/prix-immobilier/nalliers-85370/
36420,85160,NESMY,85,85310,nesmy,https://www.meilleursagents.com/prix-immobilier/nesmy-85310/
36421,85161,NIEUL LE DOLENT,85,85430,nieul-le-dolent,https://www.meilleursagents.com/prix-immobilier/nieul-le-dolent-85430/
36422,85162,NIEUL SUR L AUTISE,85,85240,nieul-sur-l-autise,https://www.meilleursagents.com/prix-immobilier/nieul-sur-l-autise-85240/
36423,85162,OULMES,85,85420,oulmes,https://www.meilleursagents.com/prix-immobilier/oulmes-85420/
36424,85163,NOIRMOUTIER EN L ILE,85,85330,noirmoutier-en-l-ile,https://www.meilleursagents.com/prix-immobilier/noirmoutier-en-l-ile-85330/
36425,85164,NOTRE DAME DE MONTS,85,85690,notre-dame-de-monts,https://www.meilleursagents.com/prix-immobilier/notre-dame-de-monts-85690/
36426,85165,L OIE,85,85140,l-oie,https://www.meilleursagents.com/prix-immobilier/l-oie-85140/
36427,85167,L ORBRIE,85,85200,l-orbrie,https://www.meilleursagents.com/prix-immobilier/l-orbrie-85200/
36428,85169,PALLUAU,85,85670,palluau,https://www.meilleursagents.com/prix-immobilier/palluau-85670/
36429,85171,PEAULT,85,85320,peault,https://www.meilleursagents.com/prix-immobilier/peault-85320/
36430,85172,LE PERRIER,85,85300,le-perrier,https://www.meilleursagents.com/prix-immobilier/le-perrier-85300/
36431,85174,PETOSSE,85,85570,petosse,https://www.meilleursagents.com/prix-immobilier/petosse-85570/
36432,85175,LES PINEAUX,85,85320,les-pineaux,https://www.meilleursagents.com/prix-immobilier/les-pineaux-85320/
36433,85176,PISSOTTE,85,85200,pissotte,https://www.meilleursagents.com/prix-immobilier/pissotte-85200/
36434,85177,LE POIRE SUR VELLUIRE,85,85770,le-poire-sur-velluire,https://www.meilleursagents.com/prix-immobilier/le-poire-sur-velluire-85770/
36435,85177,VELLUIRE,85,85770,velluire,https://www.meilleursagents.com/prix-immobilier/velluire-85770/
36436,85178,LE POIRE SUR VIE,85,85170,le-poire-sur-vie,https://www.meilleursagents.com/prix-immobilier/le-poire-sur-vie-85170/
36437,85179,POIROUX,85,85440,poiroux,https://www.meilleursagents.com/prix-immobilier/poiroux-85440/
36438,85181,POUILLE,85,85570,pouille,https://www.meilleursagents.com/prix-immobilier/pouille-85570/
36439,85182,POUZAUGES,85,85700,pouzauges,https://www.meilleursagents.com/prix-immobilier/pouzauges-85700/
36440,85184,PUY DE SERRE,85,85240,puy-de-serre,https://www.meilleursagents.com/prix-immobilier/puy-de-serre-85240/
36441,85185,PUYRAVAULT,85,85450,puyravault,https://www.meilleursagents.com/prix-immobilier/puyravault-85450/
36442,85186,LA RABATELIERE,85,85250,la-rabateliere,https://www.meilleursagents.com/prix-immobilier/la-rabateliere-85250/
36443,85187,REAUMUR,85,85700,reaumur,https://www.meilleursagents.com/prix-immobilier/reaumur-85700/
36444,85188,LA REORTHE,85,85210,la-reorthe,https://www.meilleursagents.com/prix-immobilier/la-reorthe-85210/
36445,85189,NOTRE DAME DE RIEZ,85,85270,notre-dame-de-riez,https://www.meilleursagents.com/prix-immobilier/notre-dame-de-riez-85270/
36446,85190,ROCHESERVIERE,85,85620,rocheserviere,https://www.meilleursagents.com/prix-immobilier/rocheserviere-85620/
36447,85191,LA ROCHE SUR YON,85,85000,la-roche-sur-yon,https://www.meilleursagents.com/prix-immobilier/la-roche-sur-yon-85000/
36448,85192,ROCHETREJOUX,85,85510,rochetrejoux,https://www.meilleursagents.com/prix-immobilier/rochetrejoux-85510/
36449,85193,ROSNAY,85,85320,rosnay,https://www.meilleursagents.com/prix-immobilier/rosnay-85320/
36450,85194,LES SABLES D OLONNE,85,85100,les-sables-d-olonne,https://www.meilleursagents.com/prix-immobilier/les-sables-d-olonne-85100/
36451,85194,CHATEAU D OLONNE,85,85180,chateau-d-olonne,https://www.meilleursagents.com/prix-immobilier/chateau-d-olonne-85180/
36452,85194,OLONNE SUR MER,85,85340,olonne-sur-mer,https://www.meilleursagents.com/prix-immobilier/olonne-sur-mer-85340/
36453,85196,ST ANDRE GOULE D OIE,85,85250,saint-andre-goule-d-oie,https://www.meilleursagents.com/prix-immobilier/saint-andre-goule-d-oie-85250/
36454,85197,MORMAISON,85,85260,mormaison,https://www.meilleursagents.com/prix-immobilier/mormaison-85260/
36455,85197,ST ANDRE TREIZE VOIES,85,85260,saint-andre-treize-voies,https://www.meilleursagents.com/prix-immobilier/saint-andre-treize-voies-85260/
36456,85197,ST SULPICE LE VERDON,85,85260,saint-sulpice-le-verdon,https://www.meilleursagents.com/prix-immobilier/saint-sulpice-le-verdon-85260/
36457,85198,ST AUBIN DES ORMEAUX,85,85130,saint-aubin-des-ormeaux,https://www.meilleursagents.com/prix-immobilier/saint-aubin-des-ormeaux-85130/
36458,85199,ST AUBIN LA PLAINE,85,85210,saint-aubin-la-plaine,https://www.meilleursagents.com/prix-immobilier/saint-aubin-la-plaine-85210/
36459,85200,ST AVAUGOURD DES LANDES,85,85540,saint-avaugourd-des-landes,https://www.meilleursagents.com/prix-immobilier/saint-avaugourd-des-landes-85540/
36460,85201,ST BENOIST SUR MER,85,85540,saint-benoist-sur-mer,https://www.meilleursagents.com/prix-immobilier/saint-benoist-sur-mer-85540/
36461,85202,STE CECILE,85,85110,sainte-cecile,https://www.meilleursagents.com/prix-immobilier/sainte-cecile-85110/
36462,85204,ST CHRISTOPHE DU LIGNERON,85,85670,saint-christophe-du-ligneron,https://www.meilleursagents.com/prix-immobilier/saint-christophe-du-ligneron-85670/
36463,85205,ST CYR DES GATS,85,85410,saint-cyr-des-gats,https://www.meilleursagents.com/prix-immobilier/saint-cyr-des-gats-85410/
36464,85206,ST CYR EN TALMONDAIS,85,85540,saint-cyr-en-talmondais,https://www.meilleursagents.com/prix-immobilier/saint-cyr-en-talmondais-85540/
36465,85207,ST DENIS DU PAYRE,85,85580,saint-denis-du-payre,https://www.meilleursagents.com/prix-immobilier/saint-denis-du-payre-85580/
36466,85208,ST DENIS LA CHEVASSE,85,85170,saint-denis-la-chevasse,https://www.meilleursagents.com/prix-immobilier/saint-denis-la-chevasse-85170/
36467,85209,ST ETIENNE DE BRILLOUET,85,85210,saint-etienne-de-brillouet,https://www.meilleursagents.com/prix-immobilier/saint-etienne-de-brillouet-85210/
36468,85210,ST ETIENNE DU BOIS,85,85670,saint-etienne-du-bois,https://www.meilleursagents.com/prix-immobilier/saint-etienne-du-bois-85670/
36469,85211,STE FLAIVE DES LOUPS,85,85150,sainte-flaive-des-loups,https://www.meilleursagents.com/prix-immobilier/sainte-flaive-des-loups-85150/
36470,85212,STE FLORENCE,85,85140,sainte-florence,https://www.meilleursagents.com/prix-immobilier/sainte-florence-85140/
36471,85213,CHAILLE SOUS LES ORMEAUX,85,85310,chaille-sous-les-ormeaux,https://www.meilleursagents.com/prix-immobilier/chaille-sous-les-ormeaux-85310/
36472,85213,ST FLORENT DES BOIS,85,85310,saint-florent-des-bois,https://www.meilleursagents.com/prix-immobilier/saint-florent-des-bois-85310/
36473,85214,STE FOY,85,85150,sainte-foy,https://www.meilleursagents.com/prix-immobilier/sainte-foy-85150/
36474,85215,ST FULGENT,85,85250,saint-fulgent,https://www.meilleursagents.com/prix-immobilier/saint-fulgent-85250/
36475,85216,STE GEMME LA PLAINE,85,85400,sainte-gemme-la-plaine,https://www.meilleursagents.com/prix-immobilier/sainte-gemme-la-plaine-85400/
36476,85218,ST GEORGES DE POINTINDOUX,85,85150,saint-georges-de-pointindoux,https://www.meilleursagents.com/prix-immobilier/saint-georges-de-pointindoux-85150/
36477,85220,ST GERMAIN DE PRINCAY,85,85110,saint-germain-de-princay,https://www.meilleursagents.com/prix-immobilier/saint-germain-de-princay-85110/
36478,85221,ST GERVAIS,85,85230,saint-gervais,https://www.meilleursagents.com/prix-immobilier/saint-gervais-85230/
36479,85222,ST GILLES CROIX DE VIE,85,85800,saint-gilles-croix-de-vie,https://www.meilleursagents.com/prix-immobilier/saint-gilles-croix-de-vie-85800/
36480,85223,STE HERMINE,85,85210,sainte-hermine,https://www.meilleursagents.com/prix-immobilier/sainte-hermine-85210/
36481,85223,ST JEAN DE BEUGNE,85,85210,saint-jean-de-beugne,https://www.meilleursagents.com/prix-immobilier/saint-jean-de-beugne-85210/
36482,85226,ST HILAIRE DE RIEZ,85,85270,saint-hilaire-de-riez,https://www.meilleursagents.com/prix-immobilier/saint-hilaire-de-riez-85270/
36483,85226,SION SUR L OCEAN,85,85270,sion-sur-l-ocean,https://www.meilleursagents.com/prix-immobilier/sion-sur-l-ocean-85270/
36484,85227,ST HILAIRE DES LOGES,85,85240,saint-hilaire-des-loges,https://www.meilleursagents.com/prix-immobilier/saint-hilaire-des-loges-85240/
36485,85229,ST HILAIRE DE VOUST,85,85120,saint-hilaire-de-voust,https://www.meilleursagents.com/prix-immobilier/saint-hilaire-de-voust-85120/
36486,85231,ST HILAIRE LA FORET,85,85440,saint-hilaire-la-foret,https://www.meilleursagents.com/prix-immobilier/saint-hilaire-la-foret-85440/
36487,85232,ST HILAIRE LE VOUHIS,85,85480,saint-hilaire-le-vouhis,https://www.meilleursagents.com/prix-immobilier/saint-hilaire-le-vouhis-85480/
36488,85234,ST JEAN DE MONTS,85,85160,saint-jean-de-monts,https://www.meilleursagents.com/prix-immobilier/saint-jean-de-monts-85160/
36489,85235,ST JUIRE CHAMPGILLON,85,85210,saint-juire-champgillon,https://www.meilleursagents.com/prix-immobilier/saint-juire-champgillon-85210/
36490,85236,ST JULIEN DES LANDES,85,85150,saint-julien-des-landes,https://www.meilleursagents.com/prix-immobilier/saint-julien-des-landes-85150/
36491,85237,ST LAURENT DE LA SALLE,85,85410,saint-laurent-de-la-salle,https://www.meilleursagents.com/prix-immobilier/saint-laurent-de-la-salle-85410/
36492,85238,ST LAURENT SUR SEVRE,85,85290,saint-laurent-sur-sevre,https://www.meilleursagents.com/prix-immobilier/saint-laurent-sur-sevre-85290/
36493,85239,ST MAIXENT SUR VIE,85,85220,saint-maixent-sur-vie,https://www.meilleursagents.com/prix-immobilier/saint-maixent-sur-vie-85220/
36494,85240,ST MALO DU BOIS,85,85590,saint-malo-du-bois,https://www.meilleursagents.com/prix-immobilier/saint-malo-du-bois-85590/
36495,85242,ST MARS LA REORTHE,85,85590,saint-mars-la-reorthe,https://www.meilleursagents.com/prix-immobilier/saint-mars-la-reorthe-85590/
36496,85243,BREM SUR MER,85,85470,brem-sur-mer,https://www.meilleursagents.com/prix-immobilier/brem-sur-mer-85470/
36497,85243,ST NICOLAS DE BREM,85,85470,saint-nicolas-de-brem,https://www.meilleursagents.com/prix-immobilier/saint-nicolas-de-brem-85470/
36498,85244,ST MARTIN DE FRAIGNEAU,85,85200,saint-martin-de-fraigneau,https://www.meilleursagents.com/prix-immobilier/saint-martin-de-fraigneau-85200/
36499,85245,ST MARTIN DES FONTAINES,85,85570,saint-martin-des-fontaines,https://www.meilleursagents.com/prix-immobilier/saint-martin-des-fontaines-85570/
36500,85246,ST MARTIN DES NOYERS,85,85140,saint-martin-des-noyers,https://www.meilleursagents.com/prix-immobilier/saint-martin-des-noyers-85140/
36501,85247,ST MARTIN DES TILLEULS,85,85130,saint-martin-des-tilleuls,https://www.meilleursagents.com/prix-immobilier/saint-martin-des-tilleuls-85130/
36502,85248,ST MARTIN LARS EN STE HERMINE,85,85210,saint-martin-lars-en-ste-hermine,https://www.meilleursagents.com/prix-immobilier/saint-martin-lars-en-ste-hermine-85210/
36503,85250,ST MATHURIN,85,85150,saint-mathurin,https://www.meilleursagents.com/prix-immobilier/saint-mathurin-85150/
36504,85251,ST MAURICE DES NOUES,85,85120,saint-maurice-des-noues,https://www.meilleursagents.com/prix-immobilier/saint-maurice-des-noues-85120/
36505,85252,ST MAURICE LE GIRARD,85,85390,saint-maurice-le-girard,https://www.meilleursagents.com/prix-immobilier/saint-maurice-le-girard-85390/
36506,85254,ST MESMIN,85,85700,saint-mesmin,https://www.meilleursagents.com/prix-immobilier/saint-mesmin-85700/
36507,85255,ST MICHEL EN L HERM,85,85580,saint-michel-en-l-herm,https://www.meilleursagents.com/prix-immobilier/saint-michel-en-l-herm-85580/
36508,85256,ST MICHEL LE CLOUCQ,85,85200,saint-michel-le-cloucq,https://www.meilleursagents.com/prix-immobilier/saint-michel-le-cloucq-85200/
36509,85259,ST PAUL EN PAREDS,85,85500,saint-paul-en-pareds,https://www.meilleursagents.com/prix-immobilier/saint-paul-en-pareds-85500/
36510,85260,ST PAUL MONT PENIT,85,85670,saint-paul-mont-penit,https://www.meilleursagents.com/prix-immobilier/saint-paul-mont-penit-85670/
36511,85261,STE PEXINE,85,85320,sainte-pexine,https://www.meilleursagents.com/prix-immobilier/sainte-pexine-85320/
36512,85262,ST PHILBERT DE BOUAINE,85,85660,saint-philbert-de-bouaine,https://www.meilleursagents.com/prix-immobilier/saint-philbert-de-bouaine-85660/
36513,85264,ST PIERRE DU CHEMIN,85,85120,saint-pierre-du-chemin,https://www.meilleursagents.com/prix-immobilier/saint-pierre-du-chemin-85120/
36514,85265,ST PIERRE LE VIEUX,85,85420,saint-pierre-le-vieux,https://www.meilleursagents.com/prix-immobilier/saint-pierre-le-vieux-85420/
36515,85266,ST PROUANT,85,85110,saint-prouant,https://www.meilleursagents.com/prix-immobilier/saint-prouant-85110/
36516,85267,STE RADEGONDE DES NOYERS,85,85450,sainte-radegonde-des-noyers,https://www.meilleursagents.com/prix-immobilier/sainte-radegonde-des-noyers-85450/
36517,85268,ST REVEREND,85,85220,saint-reverend,https://www.meilleursagents.com/prix-immobilier/saint-reverend-85220/
36518,85269,ST SIGISMOND,85,85420,saint-sigismond,https://www.meilleursagents.com/prix-immobilier/saint-sigismond-85420/
36519,85273,ST URBAIN,85,85230,saint-urbain,https://www.meilleursagents.com/prix-immobilier/saint-urbain-85230/
36520,85274,ST VALERIEN,85,85570,saint-valerien,https://www.meilleursagents.com/prix-immobilier/saint-valerien-85570/
36521,85276,ST VINCENT STERLANGES,85,85110,saint-vincent-sterlanges,https://www.meilleursagents.com/prix-immobilier/saint-vincent-sterlanges-85110/
36522,85277,ST VINCENT SUR GRAON,85,85540,saint-vincent-sur-graon,https://www.meilleursagents.com/prix-immobilier/saint-vincent-sur-graon-85540/
36523,85277,ST SORNIN,85,85540,saint-sornin,https://www.meilleursagents.com/prix-immobilier/saint-sornin-85540/
36524,85278,ST VINCENT SUR JARD,85,85520,saint-vincent-sur-jard,https://www.meilleursagents.com/prix-immobilier/saint-vincent-sur-jard-85520/
36525,85280,SALLERTAINE,85,85300,sallertaine,https://www.meilleursagents.com/prix-immobilier/sallertaine-85300/
36526,85281,SERIGNE,85,85200,serigne,https://www.meilleursagents.com/prix-immobilier/serigne-85200/
36527,85282,SIGOURNAIS,85,85110,sigournais,https://www.meilleursagents.com/prix-immobilier/sigournais-85110/
36528,85284,SOULLANS,85,85300,soullans,https://www.meilleursagents.com/prix-immobilier/soullans-85300/
36529,85285,LE TABLIER,85,85310,le-tablier,https://www.meilleursagents.com/prix-immobilier/le-tablier-85310/
36530,85286,LA TAILLEE,85,85450,la-taillee,https://www.meilleursagents.com/prix-immobilier/la-taillee-85450/
36531,85287,TALLUD STE GEMME,85,85390,tallud-ste-gemme,https://www.meilleursagents.com/prix-immobilier/tallud-ste-gemme-85390/
36532,85288,TALMONT ST HILAIRE,85,85440,talmont-Saint-hilaire,https://www.meilleursagents.com/prix-immobilier/talmont-saint-hilaire-85440/
36533,85288,ST HILAIRE DE TALMONT,85,85440,saint-hilaire-de-talmont,https://www.meilleursagents.com/prix-immobilier/saint-hilaire-de-talmont-85440/
36534,85289,BREUIL BARRET,85,85120,breuil-barret,https://www.meilleursagents.com/prix-immobilier/breuil-barret-85120/
36535,85289,LA CHAPELLE AUX LYS,85,85120,la-chapelle-aux-lys,https://www.meilleursagents.com/prix-immobilier/la-chapelle-aux-lys-85120/
36536,85289,LA TARDIERE,85,85120,la-tardiere,https://www.meilleursagents.com/prix-immobilier/la-tardiere-85120/
36537,85290,THIRE,85,85210,thire,https://www.meilleursagents.com/prix-immobilier/thire-85210/
36538,85291,THORIGNY,85,85480,thorigny,https://www.meilleursagents.com/prix-immobilier/thorigny-85480/
36539,85292,CEZAIS,85,85410,cezais,https://www.meilleursagents.com/prix-immobilier/cezais-85410/
36540,85292,ST SULPICE EN PAREDS,85,85410,saint-sulpice-en-pareds,https://www.meilleursagents.com/prix-immobilier/saint-sulpice-en-pareds-85410/
36541,85292,THOUARSAIS BOUILDROUX,85,85410,thouarsais-bouildroux,https://www.meilleursagents.com/prix-immobilier/thouarsais-bouildroux-85410/
36542,85293,TIFFAUGES,85,85130,tiffauges,https://www.meilleursagents.com/prix-immobilier/tiffauges-85130/
36543,85294,LA TRANCHE SUR MER,85,85360,la-tranche-sur-mer,https://www.meilleursagents.com/prix-immobilier/la-tranche-sur-mer-85360/
36544,85295,TREIZE SEPTIERS,85,85600,treize-septiers,https://www.meilleursagents.com/prix-immobilier/treize-septiers-85600/
36545,85296,TREIZE VENTS,85,85590,treize-vents,https://www.meilleursagents.com/prix-immobilier/treize-vents-85590/
36546,85297,TRIAIZE,85,85580,triaize,https://www.meilleursagents.com/prix-immobilier/triaize-85580/
36547,85298,VAIRE,85,85150,vaire,https://www.meilleursagents.com/prix-immobilier/vaire-85150/
36548,85300,VENANSAULT,85,85190,venansault,https://www.meilleursagents.com/prix-immobilier/venansault-85190/
36549,85301,VENDRENNES,85,85250,vendrennes,https://www.meilleursagents.com/prix-immobilier/vendrennes-85250/
36550,85302,LA VERRIE,85,85130,la-verrie,https://www.meilleursagents.com/prix-immobilier/la-verrie-85130/
36551,85302,CHAMBRETAUD,85,85500,chambretaud,https://www.meilleursagents.com/prix-immobilier/chambretaud-85500/
36552,85303,VIX,85,85770,vix,https://www.meilleursagents.com/prix-immobilier/vix-85770/
36553,85304,VOUILLE LES MARAIS,85,85450,vouille-les-marais,https://www.meilleursagents.com/prix-immobilier/vouille-les-marais-85450/
36554,85305,VOUVANT,85,85120,vouvant,https://www.meilleursagents.com/prix-immobilier/vouvant-85120/
36555,85306,XANTON CHASSENON,85,85240,xanton-chassenon,https://www.meilleursagents.com/prix-immobilier/xanton-chassenon-85240/
